Food Item,Portion,Calories
Beef,1 portion (170 g),265 Cal
Beef Bologna,"1 portion, sliced (30 g)",90 Cal
Beef Brisket,1 portion (125 g),330 Cal
Beef Empanada,"1 piece, small (80 g)",266 Cal
"Beef Fillet, Beef Tenderloin",1 piece (150 g),181 Cal
Beef Heart,1 portion (80 g),84 Cal
Beef Kidney,1 portion (30 g),14 Cal
Beef Liver,1 portion (113 g),148 Cal
Beef Noodle Soup,"1 portion, large (400 g)",280 Cal
Beef Ribs,1 portion (180 g),301 Cal
Beef Roast,1 portion (125 g),270 Cal
Beef Sirloin,1 portion (125 g),450 Cal
Beef Stew,1 portion (125 g),314 Cal
Beef Stick,1 piece (20 g),117 Cal
Beef Tallow,1 tablespoon (12.8 g),902 Cal
Beef Tongue,1 portion (30 g),66 Cal
Beef Tripe,1 portion (30 g),26 Cal
Calf Liver,1 slice (150 g),169 Cal
Chuck Steak,"1 piece, large (382 g)",867 Cal
Corned Beef,1 slice (25 g),35 Cal
Corned Beef Hash,1 portion (150 g),246 Cal
Cubed Steak,1 portion (112 g),220 Cal
Filet Mignon,1 portion (150 g),147 Cal
Flank Steak,1 portion (120 g),198 Cal
Flat Iron Steak,1 piece (254 g),462 Cal
Ground Beef,1 portion (113 g),235 Cal
"Ground Beef, 85% lean",1 portion (113 g),243 Cal
"Ground Beef, 90% lean",1 portion (113 g),199 Cal
Ground Chuck,1 portion (112 g),280 Cal
Ground Round,1 portion (112 g),140 Cal
"Jerky, Beef Jerky",1 piece (20 g),91 Cal
New York Strip Steak,"1 portion, small (112 g)",230 Cal
Philly Cheese Steak,1 portion (113 g),240 Cal
Porterhouse Steak,1 piece (525 g),730 Cal
Roast Beef,1 portion (125 g),162 Cal
Round Steak,1 portion (125 g),201 Cal
Rump Steak,1 portion (125 g),268 Cal
Schnitzel,1 piece (175 g),211 Cal
Sirloin Steak,1 piece (107 g),195 Cal
Skirt Steak,1 portion (125 g),151 Cal
Strip Steak,1 piece (214 g),250 Cal
Tongue,1 portion (30 g),85 Cal
Veal Meat,"1 portion, small (50 g)",62 Cal
Ale,"1 can, small (330 ml)",112 Cal
Beck's,1 glass (250 ml),95 Cal
"Beer, Lager","1 bottle, small (330 ml)",140 Cal
"Beer, Lager, light",1 portion (250 ml),50 Cal
Bud Ice,1 can (355 ml),121 Cal
Bud Light,1 can (355 ml),103 Cal
Bud Light Lime,1 bottle (473 ml),147 Cal
Bud Select,1 bottle (355 ml),99 Cal
Budweiser,"1 bottle, small (330 ml)",135 Cal
Busch Low Alcohol,1 can (355 ml),60 Cal
Carlsberg,"1 bottle, small (330 ml)",132 Cal
Coors,"1 portion, small (100 ml)",34 Cal
Coors Light,"1 portion, small (100 ml)",31 Cal
Dark Beer,1 bottle (330 ml),123 Cal
Genesee Cream Ale,1 can (355 ml),163 Cal
Ginger Beer,1 bottle (375 ml),169 Cal
Guinness,"1 bottle, small (330 ml)",99 Cal
Heineken,"1 bottle, small (330 ml)",139 Cal
"IPA, India Pale Ale","1 bottle, small (330 ml)",162 Cal
Keystone Ice,"1 bottle, small (330 ml)",132 Cal
Keystone Light,"1 bottle, small (330 ml)",333 Cal
"Labatt, Michelob Ultra",1 bottle (355 ml),95 Cal
Land Shark,1 can (330 ml),140 Cal
Michelob Light,"1 can, small (330 ml)",88 Cal
Michelob Ultra,"1 can, small (330 ml)",56 Cal
Miller Genuine Draft,1 can (330 ml),135 Cal
Miller High Life,1 can (330 ml),132 Cal
Miller High Life Light,1 can (330 ml),99 Cal
Miller Lite,1 can (330 ml),89 Cal
Milwaukee's Best Light,1 can (330 ml),92 Cal
Natural Light Beer,"1 bottle, small (330 ml)",314 Cal
Newcastle Brown Ale,"1 bottle, small (330 ml)",132 Cal
Non Alcoholic Beer,"1 bottle, small (330 ml)",83 Cal
Old Milwaukee,1 can (360 g),42 Cal
Pabst Blue Ribbon,1 can (355 ml),144 Cal
Pale Ale,1 can (330 ml),115 Cal
Pilsner,1 can (330 ml),140 Cal
Rolling Rock,"1 bottle, small (330 ml)",129 Cal
Root Beer,"1 bottle, small (330 ml)",135 Cal
Samuel Adams,1 can (330 ml),162 Cal
Shock Top,1 can (330 ml),155 Cal
Stout Beer,"1 can, small (330 ml)",178 Cal
Wheat Beer,"1 bottle, large (500 ml)",191 Cal
Arepa,1 piece (115 g),307 Cal
"Bagel, Cinnamon Raisin Bagel","1 piece, small (69 g)",189 Cal
"Bagel, Egg Bagel","1 piece, small (69 g)",192 Cal
"Bagel, Everything Bagel",1 piece (113 g),390 Cal
"Bagel, Plain Bagel","1 piece, small (69 g)",190 Cal
"Bagel, Sesame",1 piece (85 g),221 Cal
"Baguette, French Bread",1 piece (250 g),718 Cal
Banana Bread,1 slice (41 g),111 Cal
Banana Nut Bread,1 slice (41 g),149 Cal
"Biscuit, plain or buttermilk","1 piece, small (45 g)",159 Cal
Bran Muffins,"1 piece, small (66 g)",178 Cal
Bread Crumbs,1 tablespoon (10 g),36 Cal
Bread Roll,1 piece (70 g),195 Cal
Breadsticks,"1 portion, small (5 g)",14 Cal
Breakfast Biscuits,"1 piece, small (15 g)",64 Cal
Brioche,1 piece (77 g),209 Cal
Brown Bread,1 slice (45 g),123 Cal
Buttermilk Pancakes,"1 piece, small (38 g)",86 Cal
Carb Balance Tortilla,1 piece (42 g),120 Cal
Challah,1 slice (31 g),89 Cal
Chapati,"1 piece, small (45 g)",134 Cal
Cheese Bread,1 piece (150 g),356 Cal
Cheese Puff,1 portion (100 g),500 Cal
Chocolate Croissant,1 piece (55 g),232 Cal
Chocolate Donut,1 piece (55 g),240 Cal
Ciabatta Bread,1 slice (30 g),83 Cal
Cinnamon Bun,1 portion (60 g),277 Cal
Cream Puff,1 piece (80 g),241 Cal
"Croissant, Butter Croissant",1 portion (57 g),294 Cal
Croutons,1 package (500 g),2624 Cal
Dosa Bread,"1 piece, small (35 g)",74 Cal
Eclair,1 portion (140 g),640 Cal
Egg Bread,1 slice (40 g),115 Cal
English Muffin,"1 slice, small (35 g)",91 Cal
"English Muffin, whole-wheat",1 piece (66 g),134 Cal
"English Muffin, with Butter",1 piece (63 g),189 Cal
Fairy Cakes,"1 piece, small (50 g)",220 Cal
Flatbread,1 piece (450 g),1105 Cal
Focaccia,1 piece (50 g),148 Cal
French Cruller Donut,1 piece (70 g),296 Cal
"French Roll, Bun",1 piece (38 g),105 Cal
Garlic Baguette,1 piece (175 g),534 Cal
Ham Sandwich,1 piece (190 g),484 Cal
Ham and Cheese Sandwich,1 piece (185 g),392 Cal
"Hamburger Bun, Burger Bun","1 piece, small (28 g)",82 Cal
Honey Wheat Bread,1 slice (26 g),70 Cal
"Hot Dog Bun, Hotdog Roll",1 piece (45 g),211 Cal
Italian Bread,1 portion (80 g),202 Cal
Monkey Bread,1 portion (113 g),380 Cal
Multi Grain Bread,1 piece (60 g),187 Cal
Naan,1 piece (90 g),262 Cal
Paczki,1 piece (46 g),179 Cal
Pain Au Chocolat,1 piece (41 g),66 Cal
"Paratha, Plain Paratha",1 piece (79 g),258 Cal
Pita Bread,1 piece (60 g),144 Cal
Pizza Rolls,1 piece (50 g),101 Cal
Potato Bread,1 piece (70 g),171 Cal
Pretzel Roll,1 piece (90 g),234 Cal
"Pretzel, Soft Pretzel",1 piece (85 g),259 Cal
Protein Bread,1 slice (50 g),121 Cal
Pulled Pork Sandwich,1 piece (128 g),241 Cal
Pumpernickel Bread,1 slice (26 g),55 Cal
Pumpkin Bread,1 slice (60 g),181 Cal
Puri,1 piece (36 g),62 Cal
Raisin Bread,"1 portion, sliced (28 g)",76 Cal
"Roll, Bread Roll, Dinner Roll",1 portion (85 g),240 Cal
Roti,1 piece (68 g),202 Cal
"Rusk, Zwieback",1 piece (10 g),38 Cal
Rye Bread,1 piece (70 g),193 Cal
Sandwich Bread,1 piece (35 g),14 Cal
Scone,1 piece (70 g),262 Cal
Shortcrust Pastry,1 piece (100 g),435 Cal
Soda Bread,1 slice (74 g),215 Cal
Sourdough Bread,1 slice (40 g),93 Cal
Sweet Rolls,1 piece (30 g),45 Cal
"Toast, Butter Toast",1 slice (25 g),66 Cal
Tortilla Wrap,1 piece (60 g),179 Cal
"Tortilla, Corn Tortilla",1 piece (25 g),50 Cal
Wheat Bran Bread,"1 slice, small (24 g)",80 Cal
Wheat Bread,1 slice (32 g),79 Cal
Wheat Roti,"1 piece, small (27 g)",81 Cal
White Bread,1 slice (38 g),93 Cal
Whole Wheat Bread,1 slice (55 g),119 Cal
Wholemeal Bread,1 slice (40 g),85 Cal
Wholemeal Toast,1 slice (25 g),53 Cal
Wonton Wrappers,1 piece (8 g),23 Cal
Yorkshire Pudding,1 piece (25 g),60 Cal
Angel Food Cake,1 slice (57 g),150 Cal
Apple Cake,1 piece (150 g),323 Cal
Apple Crumble,1 portion (114 g),360 Cal
Apple Pie,1 piece (125 g),331 Cal
Apple Strudel,1 slice (80 g),136 Cal
Apple Turnover,1 piece (128 g),298 Cal
Bakewell Tart,1 portion (38 g),157 Cal
Banana Cream Pie,1 piece (144 g),387 Cal
Banoffee Pie,1 piece (135 g),500 Cal
Blueberry Muffin,"1 piece, small (183 g)",557 Cal
Blueberry Pie,"1 piece, small (117 g)",271 Cal
Brownie,"1 piece, small (30 g)",152 Cal
Bundt Cake,1 piece (50 g),190 Cal
Carrot Cake,1 slice (180 g),747 Cal
Cheesecake,"1 slice, small (80 g)",262 Cal
Cherry Pie,1 piece (117 g),304 Cal
Chocolate Cake,1 piece (125 g),432 Cal
Chocolate Mousse Cake,1 portion (90 g),370 Cal
Chocolate Muffin,"1 portion, small (70 g)",208 Cal
Coconut Cake,1 piece (109 g),388 Cal
Coffee Cake,1 piece (567 g),2109 Cal
Corn Muffin,"1 piece, small (66 g)",201 Cal
Cupcake,1 piece (67 g),206 Cal
Danish Pastry,1 piece (113 g),419 Cal
Donut,1 piece (54 g),214 Cal
Dutch Apple Pie,1 slice (137 g),606 Cal
Egg Custard,1 piece (136 g),558 Cal
Flourless Chocolate Cake,1 piece (70 g),240 Cal
Fruit Cake,1 piece (113 g),366 Cal
Funnel Cake,1 piece (70 g),244 Cal
German Chocolate Cake,1 slice (80 g),300 Cal
Ham and Cheese Cake,1 piece (127 g),343 Cal
Ice Cream Cake,1 piece (34 g),102 Cal
Lemon Cake,1 piece (120 g),461 Cal
Lemon Meringue Pie,1 piece (113 g),303 Cal
Madeira Cake,1 portion (56 g),160 Cal
Marble Cake,1 slice (70 g),286 Cal
Muffin,"1 portion, small (66 g)",146 Cal
Peach Cobbler,1 portion (113 g),227 Cal
Peach Pie,1 piece (117 g),262 Cal
Pecan Pie,1 slice (133 g),541 Cal
Pie Crust,1 piece (150 g),653 Cal
Pineapple Upside Down Cake,1 piece (115 g),367 Cal
Pound Cake,1 piece (85 g),340 Cal
Pumpkin Pie,"1 piece, sliced (154 g)",294 Cal
Red Velvet Cake,"1 portion, small (80 g)",284 Cal
Rhubarb Pie,1 piece (70 g),179 Cal
Rum Cake,1 portion (56 g),186 Cal
Spanakopita,"1 piece, small (30 g)",63 Cal
Sponge Cake,"1 slice, small (38 g)",121 Cal
Sprinkles,1 portion (20 g),95 Cal
Strawberry Cheesecake,1 portion (85 g),303 Cal
Strawberry Pie,1 piece (150 g),206 Cal
Strawberry Rhubarb Pie,1 piece (150 g),422 Cal
Sweet Potato Pie,"1 piece, small (75 g)",202 Cal
Swiss Roll,1 piece (45 g),180 Cal
Tiramisu Cake,"1 piece, sliced (85 g)",200 Cal
Tres Leches Cake,1 portion (36 g),96 Cal
Victoria Sponge Cake,1 piece (76 g),310 Cal
White Cake,1 piece (85 g),310 Cal
Whoopie Pie,1 piece (113 g),181 Cal
Yellow Cake,1 piece (68 g),245 Cal
"Yellow Cake, with Chocolate Frosting","1 piece, small (64 g)",243 Cal
All Bran (Kellogg's),1 portion (25 g),65 Cal
Bran Flakes,1 portion (30 g),108 Cal
Buckwheat,1 portion (50 g),173 Cal
"Buckwheat, cooked",1 portion (100 g),124 Cal
Cap'n Crunch (Quaker Oats),1 cup (38 g),150 Cal
"Cereals, Muesli","1 portion, small (75 g)",272 Cal
Cheerios (NestlÃ©),1 portion (30 g),114 Cal
Chex (General Mills),1 cup (27 g),101 Cal
Chocolate Cheerios,1 portion (30 g),114 Cal
Coco Pops (Kellogg's),1 portion (30 g),117 Cal
Cocoa Krispies (Kellogg's),"1 portion, large (100 g)",389 Cal
Cocoa Pebbles (Post),"1 portion, large (100 g)",397 Cal
Cocoa Puffs (General Mills),"1 portion, large (100 g)",383 Cal
Cookie Crisp (NestlÃ©),1 portion (30 g),116 Cal
Corn Flakes (Kellogg's),"1 package, small (23 g)",83 Cal
Corn Pops (Kellogg's),1 portion (30 g),116 Cal
Cracklin Oat Bran (Kellogg's),"1 portion, small (40 g)",158 Cal
Cream of Wheat,1 portion (33 g),121 Cal
Crunchy Nut Cornflakes (Kelloggs),1 portion (50 g),194 Cal
Dippin Dots (General Mills),1 cup (85 g),122 Cal
Fiber One (General Mills),"1 portion, large (100 g)",207 Cal
Froot Loops (Kellogg's),1 portion (30 g),115 Cal
Frosted Cheerios (NestlÃ©),1 cup (37 g),376 Cal
Frosted Flakes (Kellogg's),1 portion (30 g),111 Cal
Fruity Pebbles (Post),1 portion (75 g),301 Cal
Golden Grahams (NestlÃ©),1 portion (30 g),113 Cal
Granola,1 portion (60 g),304 Cal
Grape Nuts (Post),1 portion (45 g),118 Cal
Honey Nut Cheerios (General Mills),1 cup (37 g),367 Cal
Honey Smacks (Kellogg's),1 cup (36 g),380 Cal
Just Right (Kellogg's),1 portion (40 g),148 Cal
Kashi Cereals,"1 portion, large (100 g)",311 Cal
Kix (General Mills),1 portion (50 g),179 Cal
Krave (Kellogg's),"1 portion, small (25 g)",95 Cal
Life Cereal (Quaker Oats),1 portion (43 g),161 Cal
Lucky Charms (General Mills),1 cup (42 g),164 Cal
Malt O Meal (Post),1 portion (40 g),160 Cal
Mini Wheats (Kellogg's),1 piece (6 g),22 Cal
Multigrain Cheerios (General Mills),1 portion (30 g),111 Cal
Oat Bran,4 tablespoon (50 g),179 Cal
Oatibix (Weetabix),1 portion (50 g),195 Cal
Oatmeal,1 cup (240 g),128 Cal
Oatmeal Squares (Quaker),1 cup (56 g),379 Cal
Old Fashioned Oatmeal (Quaker),1 portion (45 g),167 Cal
Porridge,1 package (40 g),152 Cal
Puffed Wheat,1 portion (30 g),110 Cal
Quaker Grits (Quarker),1 package (29 g),99 Cal
Quaker Oatmeal (Quaker),1 portion (40 g),134 Cal
Raisin Bran (Kellogg's),"1 portion, large (70 g)",233 Cal
Raisin Bran Crunch (Kellogg's),"1 portion, large (70 g)",248 Cal
Ready Brek (Weetabix),1 portion (40 g),112 Cal
Rice Chex (General Mills),1 portion (45 g),169 Cal
Rice Krispies (Kellogg's),1 portion (30 g),115 Cal
Rolled Oats,1 portion (50 g),185 Cal
Scooters (Malt-O-Meal),1 portion (30 g),116 Cal
Shreddies (NestlÃ©),1 portion (40 g),146 Cal
Special K (Kellogg's),1 portion (30 g),116 Cal
Special K Red Berries (Kellogg's),1 portion (30 g),104 Cal
Trix (General Mills),1 portion (45 g),173 Cal
Weetabix,2 piece (35 g),130 Cal
Weetos (Weetabix),1 portion (30 g),112 Cal
Wheat Bran,4 tablespoon (50 g),135 Cal
Wheaties (General Mills),1 portion (36 g),120 Cal
American Cheese,1 slice (16 g),80 Cal
Asiago Cheese,1 piece (30 g),139 Cal
Babybel,1 piece (20 g),59 Cal
Blue Cheese,1 slice (30 g),108 Cal
Brie,1 portion (28 g),103 Cal
Camembert,1 portion (30 g),86 Cal
Cheddar Cheese,1 slice (28 g),111 Cal
Cheese Fondue,"1 portion, small (20 g)",55 Cal
Cheese Sauce,"1 portion, small (20 ml)",17 Cal
Chihuahua Cheese,"1 piece, sliced (28 g)",105 Cal
Colby Jack Cheese,"1 cup, shredded (113 g)",434 Cal
Cottage Cheese,1 portion (100 g),103 Cal
"Cream Cheese, fat free","1 tablespoon, small (15 g)",16 Cal
Curd,1 portion (50 g),43 Cal
Edam Cheese,1 package (198 g),707 Cal
Emmental Cheese,1 slice (19 g),72 Cal
Feta Cheese,1 portion (30 g),86 Cal
Fontina Cheese,"1 package, large (227 g)",883 Cal
Fresh Mozzarella,1 piece (28 g),70 Cal
Goat Cheese,1 slice (30 g),104 Cal
Gorgonzola,"1 portion, crumbed (28 g)",101 Cal
Gouda Cheese,1 slice (28 g),103 Cal
Grana Padano,1 piece (28 g),111 Cal
Gruyere Cheese,1 slice (28 g),116 Cal
Halloumi,1 portion (30 g),114 Cal
Havarti,1 slice (21 g),78 Cal
Jarlsberg,1 portion (28 g),99 Cal
Light Cheese,"1 slice, small (10 g)",8 Cal
Manchego Cheese,1 piece (28 g),120 Cal
Mexican Cheese,1 piece (28 g),108 Cal
Mini Babybel Light,1 piece (20 g),42 Cal
Monterey,1 slice (18 g),68 Cal
Mozzarella Cheese,1 piece (125 g),331 Cal
Muenster Cheese,1 slice (28 g),103 Cal
Parmesan Cheese,1 portion (20 g),80 Cal
"Parmesan Cheese, grated",1 portion (30 g),126 Cal
Pepper Jack Cheese,1 slice (21 g),78 Cal
Pimento Cheese,1 slice (21 g),79 Cal
Porter Cheese,1 slice (28 g),107 Cal
Provolone Cheese,1 portion (30 g),105 Cal
"Romano Cheese, Pecorino",1 slice (25 g),106 Cal
Roquefort Cheese,1 portion (30 g),109 Cal
Sheep Cheese,1 portion (50 g),144 Cal
Shredded Cheese,1 portion (5 g),25 Cal
Shredded Sharp Cheddar Cheese,"1 slice, shredded (17 g)",68 Cal
Smoked Cheese,1 portion (30 g),90 Cal
Soft Cheese,1 piece (30 g),83 Cal
Stilton Cheese,1 piece (28 g),102 Cal
String Cheese,1 portion (28 g),90 Cal
Vegan Cheese,1 slice (18.8 g),54 Cal
White Cheddar,1 slice (19 g),73 Cal
White Cheese,1 portion (30 g),93 Cal
Bagel Chips,1 portion (28 g),126 Cal
Baked Chips,1 portion (31.8 g),149 Cal
Banana Chips,1 portion (30 g),156 Cal
Beef Stick,1 piece (20 g),117 Cal
Caramel Pop Corn,1 portion (32 g),118 Cal
Cheese Crackers,1 piece (2 g),10 Cal
Cheese Popcorn,"1 portion, large (100 g)",526 Cal
Chester,1 portion (45 g),243 Cal
"Chips, Potato Chips",1 portion (30 g),170 Cal
Corn Cake,1 piece (9 g),35 Cal
Corn Chips,1 portion (30 g),144 Cal
Cream Cracker,2 piece (15 g),66 Cal
Doritos,"1 package, small (28 g)",145 Cal
Flaming Hot Cheetos,1 portion (28 g),160 Cal
Flapjack,1 piece (40 g),92 Cal
Fruit Gushers,1 portion (25 g),90 Cal
Granola Bar,"1 bar, small (25 g)",81 Cal
Microwave Popcorn,1 package (30 g),115 Cal
Nachos,1 portion (80 g),386 Cal
"Nachos, with Cheese",1 portion (75 g),257 Cal
Pita Chips,1 portion (28 g),133 Cal
Plantain Chips,1 portion (28.4 g),79 Cal
"Popcorn, air popped",1 portion (50 g),221 Cal
"Popcorn, oil popped",1 portion (30 g),150 Cal
"Popcorn, unpopped",1 portion (50 g),169 Cal
Pretzel Sticks,1 package (150 g),523 Cal
Ready Salted Crisps,1 portion (30 g),159 Cal
Rice Crackers,1 piece (10 g),39 Cal
Rice Crisps,1 portion (30 g),115 Cal
Roasted Chickpeas,1 portion (30 g),139 Cal
Roasted Soybeans,1 portion (30 g),135 Cal
"S'mores, Candy Bar",1 bar (53 g),250 Cal
Sesame Sticks,1 portion (28.75 g),156 Cal
Sweet Potato Chips,1 portion (28 g),66 Cal
Taro Chips,10 piece (23 g),115 Cal
Tepary Beans,1 portion (20 g),34 Cal
Tortilla chips,"1 piece, small (3 g)",9 Cal
Vegetable Chips,1 portion (30 g),154 Cal
"Cafe Latte, Coffee with Milk","1 cup, small (150 ml)",45 Cal
CaffÃ© Americano,1 cup (237 ml),9 Cal
Cappuccino,"1 cup, small (170 ml)",57 Cal
"Coffee, Black Coffee","1 cup, small (150 ml)",3 Cal
"Coffee, with Almond Milk",1 portion (200 ml),10 Cal
"Coffee, with Milk and Sugar",1 portion (200 ml),100 Cal
"Coffee, with Semi Skimmed Milk","1 cup, small (150 ml)",21 Cal
"Coffee, with Skim Milk",1 cup (237 ml),19 Cal
"Coffee, with Soy Milk",1 portion (200 ml),18 Cal
"Coffee, with Whole Milk",1 portion (200 ml),20 Cal
Double Espresso,1 cup (60 g),9 Cal
Espresso,1 cup (60 ml),1 Cal
Flat White Coffee,"1 cup, small (150 ml)",65 Cal
Iced Coffee,1 cup (240 g),2 Cal
Latte Macchiato,1 cup (240 ml),104 Cal
"Nescafe Classic, Coffee Powder",1 portion (2 g),2 Cal
Turkish Coffee,"1 cup, small (150 ml)",39 Cal
Cottage Cheese,1 portion (100 g),103 Cal
"Cottage Cheese, low fat",1 portion (100 g),84 Cal
"Cottage Cheese, nonfat",1 portion (100 g),72 Cal
Cream Cheese,1 tablespoon (15 g),51 Cal
"Cream Cheese, low fat",1 portion (30 g),68 Cal
Labneh,1 portion (28 g),50 Cal
Neufchatel,1 tablespoon (15 g),201 Cal
Paneer,1 slice (28 g),90 Cal
Philadelphia Chocolate (MondelÄ“z),1 portion (30 g),86 Cal
Philadelphia Cream Cheese Light (MondelÄ“z),1 portion (30 g),47 Cal
Ricotta Cheese,1 tablespoon (15 g),26 Cal
Salmon Cream Cheese,1 portion (30 g),90 Cal
Angel Delight (Premier Foods),1 package (59 g),71 Cal
Applesauce,1 portion (200 g),106 Cal
Blueberry Cobbler,1 cup (217 g),227 Cal
Blueberry Pancakes,1 piece (50 g),97 Cal
Bread Pudding,1 cup (200 g),310 Cal
Chocolate Mousse,1 portion (84 g),291 Cal
Chocolate Pudding,1 portion (150 g),142 Cal
Corn Pudding,1 portion (200 g),382 Cal
Crepe,1 portion (65 g),125 Cal
Custard,1 portion (50 g),48 Cal
Custard Powder,1 portion (35 g),29 Cal
Dulce de Leche,1 tablespoon (15 g),47 Cal
Flan,1 cup (150 g),218 Cal
Ice Milk,1 cup (250 ml),150 Cal
Pancake,1 piece (40 g),79 Cal
Pie,"1 slice, small (70 g)",351 Cal
Profiterole,1 portion (90 g),477 Cal
Rice Pudding,"1 portion, small (150 g)",141 Cal
Tapioca Pudding,1 portion (110 g),145 Cal
Tiramisu,1 portion (125 g),390 Cal
Trifle,"1 portion, medium (100 g)",168 Cal
Vanilla Pudding,1 portion (125 g),155 Cal
Waffle,1 piece (45 g),253 Cal
BBQ Rib,1 portion (162 g),489 Cal
BLT Sandwich,1 portion (187 g),383 Cal
Baconator (Wendy's),1 piece (227 g),1010 Cal
Bean Burrito,1 piece (129 g),285 Cal
Beef Empanada,"1 piece, small (80 g)",266 Cal
Big Mac (McDonald's),1 piece (220 g),569 Cal
Burger Patty,1 piece (113 g),240 Cal
Cheese Quesadilla,"1 portion, sliced (18 g)",71 Cal
Cheese Sandwich,1 piece (102 g),291 Cal
Cheeseburger (McDonald's),1 portion (114 g),290 Cal
Chicken McNuggets (McDonald's),1 piece (18 g),45 Cal
Chicken Nuggets,1 piece (20 g),50 Cal
Chicken Nuggets (McDonald's),1 portion (95 g),239 Cal
Chicken Sandwich,1 piece (187 g),466 Cal
Chicken Tenders,1 portion (184 g),499 Cal
Chicken Wings,1 piece (58 g),111 Cal
Chimichanga,"1 piece, large (324 g)",797 Cal
Chinese Egg Roll,1 piece (64 g),172 Cal
Corn Dog,1 piece (78 g),195 Cal
Crispy Chicken Sandwich,1 piece (152 g),420 Cal
Double Cheeseburger,1 piece (155 g),416 Cal
Double Cheeseburger (McDonald's),1 piece (171 g),482 Cal
Double Whopper (Burger King),1 piece (374 g),942 Cal
"Double Whopper, with cheese (Burger King)",1 piece (399 g),1061 Cal
Egg McMuffin (McDonald's),1 piece (126 g),322 Cal
Egg Roll,"1 piece, small (35 g)",107 Cal
Egg Sandwich,1 piece (159 g),474 Cal
Filet o Fish (McDonald's),1 piece (137 g),386 Cal
Fish Sandwich,1 piece (120 g),233 Cal
French Fries,1 portion (120 g),374 Cal
"French Fries, large",1 portion (150 g),434 Cal
French Toast Sticks,1 piece (30 g),102 Cal
Grilled Chicken Sandwich,1 piece (230 g),419 Cal
Hamburger,1 piece (200 g),594 Cal
Hot Dog,1 piece (125 g),294 Cal
"Hot Dog Bun, Hotdog Roll",1 piece (45 g),211 Cal
Hot Dog with Chili,1 piece (125 g),325 Cal
Hot Wings,1 piece (35 g),88 Cal
Hushpuppies,1 piece (74 g),181 Cal
Instant Ramen,1 package (370 g),248 Cal
Italian BMT (Subway),1 portion (350 g),1890 Cal
Jr Bacon Cheeseburger (Wendy's),1 piece (150 g),406 Cal
Jr Cheeseburger (Wendy's),1 piece (180 g),375 Cal
Kebab,1 piece (80 g),126 Cal
McChicken (McDonald's),1 piece (171 g),393 Cal
McDouble (McDonald's),1 piece (166 g),468 Cal
McRib (McDonald's),1 piece (135 g),305 Cal
Nachos Supreme,"1 portion, large (222 g)",815 Cal
Onion Rings,1 piece (20 g),50 Cal
Original Chicken Sandwich (Burger King),1 piece (199 g),569 Cal
Peanut Butter Sandwich,1 piece (92 g),353 Cal
Poutine,1 portion (80 g),230 Cal
Quarter Pounder (McDonald's),1 piece (170 g),435 Cal
Quarter Pounder with Cheese (McDonald's),1 piece (201 g),519 Cal
Reuben Sandwich (Arby's),1 piece (215 g),606 Cal
Roast Beef Sandwich,1 portion (115 g),221 Cal
Sausage Biscuit,1 piece (117 g),410 Cal
Sausage Burrito,1 piece (109 g),302 Cal
Sausage McGriddles (McDonald's),1 piece (135 g),421 Cal
Sausage McMuffin (McDonald's),1 piece (111 g),370 Cal
Sloppy Joe,1 piece (185 g),594 Cal
Spring Roll,1 piece (28 g),59 Cal
Taco Salad,1 portion (150 g),750 Cal
Vegan Hot Dogs,1 piece (105 g),214 Cal
Veggie Burger,1 piece (202 g),412 Cal
Whopper (Burger King),1 piece (291 g),678 Cal
"Whopper, with cheese (Burger King)",1 portion (316 g),790 Cal
Zinger Burger (KFC),1 portion (202 g),493 Cal
Abalone,1 piece (75 g),157 Cal
Anchovis,1 piece (16.6 g),17 Cal
Bass,1 piece (390 g),384 Cal
Bluefish,1 piece (150 g),186 Cal
Butterfish,1 piece (30 g),34 Cal
Calamari,1 portion (250 g),201 Cal
Carp,1 portion (125 g),168 Cal
"Catfish, fried",1 portion (85 g),156 Cal
Caviar,1 portion (30 g),78 Cal
Cod,1 portion (85 g),65 Cal
"Crawfish, Crayfish",1 piece (15 g),12 Cal
Eel,1 portion (208 g),583 Cal
"Fish Fingers, Fish sticks",1 piece (25 g),64 Cal
Flounder,1 piece (163 g),118 Cal
Grouper,1 portion (150 g),148 Cal
Haddock,1 piece (180 g),139 Cal
Hake,"1 portion, small (170 g)",159 Cal
Halibut,1 portion (170 g),161 Cal
Herring,1 piece (184 g),429 Cal
Kipper,"1 portion, small (75 g)",123 Cal
Lobster,1 portion (150 g),124 Cal
Mackerel,1 portion (85 g),155 Cal
Milkfish,1 portion (85 g),126 Cal
Mussel,"1 piece, small (10 g)",7 Cal
Octopus,1 portion (85 g),69 Cal
Oyster,1 piece (8 g),5 Cal
Pickerel,"1 piece, small (170 g)",265 Cal
Pike,"1 piece, small (170 g)",189 Cal
Red Snapper,1 portion (85 g),109 Cal
Redfish,1 portion (135 g),302 Cal
Salmon,1 portion (150 g),271 Cal
Salmon Sashimi,1 slice (28 g),51 Cal
"Salmon, baked",1 portion (85 g),95 Cal
"Salmon, cooked",1 portion (100 g),185 Cal
"Salmon, smoked",1 portion (50 g),95 Cal
Sardines,1 portion (85 g),101 Cal
Scallop,"5 piece, small (30 g)",22 Cal
Scampi,1 piece (15 g),29 Cal
Sea Bass,1 portion (180 g),190 Cal
Shrimp,1 portion (85 g),77 Cal
"Shrimp, cooked",1 piece (28 g),28 Cal
"Shrimp, fried",1 portion (85 g),89 Cal
"Shrimp, grilled",1 portion (85 g),89 Cal
Smelt,1 portion (85 g),82 Cal
"Sole, Flatfish","1 piece, small (80 g)",66 Cal
Squid,1 portion (85 g),69 Cal
Surimi,1 piece (15 g),17 Cal
Swordfish,1 piece (136 g),159 Cal
"Tilapia, cooked",1 portion (116 g),148 Cal
Trout,1 piece (62.5 g),64 Cal
Tuna,"1 portion, small (50 g)",63 Cal
"Tuna, canned","1 can, small (56 g)",55 Cal
"Tuna, canned in oil","1 can, small (56 g)",198 Cal
Turbot,1 portion (80 g),66 Cal
White Fish,1 piece (159 g),146 Cal
Whiting,1 portion (200 g),149 Cal
Acorn Flour,1 portion (30 g),150 Cal
Agar,1 teaspoon (2 g),3 Cal
All Purpose Flour,1 package (500 g),1830 Cal
Almond Extract,1 portion (1.2 ml),0 Cal
Amaranth,1 portion (50 g),200 Cal
Arrowroot Flour,1 portion (80 g),286 Cal
Baking Chocolate,1 portion (14 g),66 Cal
Baking Powder,1 teaspoon (6 g),6 Cal
Baking Soda,1 teaspoon (3.6 g),0 Cal
Barley Flour,1 portion (120 g),409 Cal
"Barley, cooked",1 portion (50 g),60 Cal
Bran Flakes,1 portion (30 g),108 Cal
Bread Flour,1 portion (30 g),110 Cal
Brown Sugar,1 cup (150 g),570 Cal
Buckwheat Flour,1 portion (120 g),390 Cal
"Bulgur, cooked",1 portion (100 g),128 Cal
Cake Flour,"1 portion, medium (100 g)",362 Cal
Chickpea Flour,1 portion (120 g),420 Cal
Chocolate Chips,1 portion (45 g),229 Cal
Chocolate Frosting,1 portion (23 g),80 Cal
Chocolate Sprinkles,1 piece (4 g),20 Cal
Chocolate Syrup,1 portion (20 g),35 Cal
Cocoa Powder,1 portion (30 g),118 Cal
Coconut Flakes,1 portion (50 g),339 Cal
Corn Flour,1 portion (120 g),413 Cal
Corn Syrup,1 portion (20 g),34 Cal
Corn,1 portion (82 g),280 Cal
"Cornmeal, Corn Flour",1 tablespoon (14.5 g),50 Cal
Cornstarch,1 tablespoon (25 g),87 Cal
Couscous,"1 portion, small (50 g)",175 Cal
Cream of Tartar,1 portion (3 g),12 Cal
Dextrose,1 portion (8 g),30 Cal
Duck Egg,1 piece (70 g),130 Cal
Egg,1 piece (44 g),60 Cal
"Egg Substitute, powder",1 portion (10 g),44 Cal
Egg White,1 piece (30 g),14 Cal
"Egg White, boiled",1 piece (36 g),36 Cal
Egg Yolk,"1 piece, small (19 g)",67 Cal
"Egg, boiled",1 piece (50 g),69 Cal
Fondant,1 package (250 g),880 Cal
Freekeh,"1 portion, large (100 g)",352 Cal
Fructose,1 teaspoon (4 g),16 Cal
Gelatin,1 package (85 g),287 Cal
Glucose,1 portion (5.75 g),23 Cal
Gluten,1 portion (10 g),37 Cal
Goose Egg,1 piece (180 g),324 Cal
Granulated Sugar,"1 teaspoon, small (5 g)",20 Cal
Honey,1 teaspoon (10 g),30 Cal
Jaggery,1 portion (4 g),7 Cal
Kamut,1 portion (50 g),182 Cal
Maca Powder,1 portion (4 g),13 Cal
Maltitol,1 teaspoon (5 g),12 Cal
Maltodextrin,1 portion (20 g),72 Cal
Marzipan,1 tablespoon (15 g),75 Cal
Millet,1 cup (225 g),814 Cal
Millet Flour,1 portion (120 g),410 Cal
"Millet, cooked",1 cup (174 g),119 Cal
Molasses,1 portion (15 ml),60 Cal
Oat Bran,4 tablespoon (50 g),179 Cal
Oatmeal,1 cup (240 g),128 Cal
Oats,1 portion (50 g),175 Cal
Orange Peel,1 teaspoon (2 g),32 Cal
Pearl Barley,1 package (50 g),173 Cal
Pectin,1 portion (28.4 g),3 Cal
Peppermint Extract,1 portion (5 ml),0 Cal
Plantain flower,1 portion (65 g),218 Cal
Polenta,1 slice (50 g),100 Cal
Potato Starch,1 cup (100 g),336 Cal
"Powdered Sugar, Powder",1 portion (10 g),40 Cal
Puff Pastry,1 piece (11 g),47 Cal
Quail Egg,"1 piece, small (10 g)",14 Cal
Quinoa,"1 portion, small (50 g)",183 Cal
"Quinoa, cooked","1 portion, small (100 g)",103 Cal
Rolled Oats,1 portion (50 g),185 Cal
Rye,"1 portion, small (75 g)",242 Cal
Rye Flour,1 portion (120 g),401 Cal
Sago,1 portion (20 g),67 Cal
Salt,1 portion (0.04 g),0 Cal
Semolina,1 portion (25 g),85 Cal
Semolina Flour,1 portion (120 g),415 Cal
Semolina Pudding,1 portion (78 g),329 Cal
Shredded Coconut,1 portion (5 g),34 Cal
Soda,"1 package, whole (20 g)",0 Cal
Sorbitol,1 portion (5 g),12 Cal
Sorghum Flour,1 portion (34 g),128 Cal
Soy Flour,1 portion (120 g),478 Cal
Spelt,1 portion (200 g),704 Cal
Starch,1 portion (10 g),35 Cal
Stevia,1 portion (1 g),4 Cal
Sucrose,1 portion (2.5 g),10 Cal
"Sugar, White Sugar",1 teaspoon (4 g),16 Cal
Sweetener,1 package (1 g),0 Cal
Tapioca Pearls,1 portion (30 g),110 Cal
Turbinado Sugar,1 teaspoon (4 g),16 Cal
Vanilla,"1 package, ground (5 g)",16 Cal
Vanilla Bean,1 piece (3 g),10 Cal
Vanilla Extract,1 teaspoon (5 g),15 Cal
Vanilla Sugar,1 teaspoon (3 g),12 Cal
Wheat Bran,4 tablespoon (50 g),135 Cal
Wheat Germ,1 tablespoon (15 g),56 Cal
Wheat Gluten,1 portion (8.6 g),34 Cal
Wheatgrass,1 portion (3 g),9 Cal
Whole Wheat Flour,1 cup (100 g),325 Cal
Xylitol,1 teaspoon (5 g),12 Cal
Acai Berry,1 portion (100 g),59 Cal
Ackee,1 piece (150 g),336 Cal
Apple,1 piece (150 g),96 Cal
Apricot,1 piece (50 g),22 Cal
"Apricot, dried",1 piece (12 g),32 Cal
Asian Pear,"1 piece, large (275 g)",116 Cal
"Avocado, Hass Avocado",1 piece (220 g),354 Cal
Banana,1 piece (120 g),111 Cal
"Banana, small","1 portion, large (100 g)",89 Cal
Blackberries,1 portion (125 g),53 Cal
Blood Orange,1 piece (143 g),61 Cal
Blueberries,1 portion (30 g),14 Cal
Breadfruit,1 piece (384 g),396 Cal
Cactus Pear,1 portion (50 g),23 Cal
Cantaloupe,1 slice (80 g),45 Cal
Carob,1 portion (50 g),94 Cal
Chayote,1 piece (203 g),39 Cal
Cherries,1 piece (8 g),5 Cal
Clementine,1 piece (75 g),37 Cal
Coconut,1 piece (400 g),1536 Cal
Concord Grape,5 piece (25 g),22 Cal
Cranberries,"1 portion, medium (50 g)",38 Cal
"Cranberries, dried",1 portion (30 g),94 Cal
Currant,1 portion (125 g),50 Cal
Dates,1 piece (24 g),70 Cal
"Dates, Medjool Dates",1 piece (24 g),66 Cal
Dragon Fruit,1 piece (198 g),119 Cal
Dried Fruit Mix,1 portion (25 g),64 Cal
Durian,1 piece (602 g),911 Cal
Elderberries,1 cup (145 g),348 Cal
Fig,1 piece (46 g),30 Cal
"Fig, dried",1 portion (50 g),135 Cal
"Fruit Salad, Mixed Fruit",1 cup (249 g),158 Cal
Goji Berry,1 tablespoon (6 g),20 Cal
Gooseberries,1 piece (4 g),2 Cal
Grapefruit,1 piece (196 g),92 Cal
Grapes,1 piece (5 g),4 Cal
Guava,1 slice (15 g),7 Cal
Huckleberry,1 cup (148 g),429 Cal
Jackfruit,1 can (400 g),318 Cal
Jujube,1 portion (125 g),143 Cal
Kiwi,1 piece (75 g),46 Cal
Kumquat,1 piece (19 g),14 Cal
Lemon,1 piece (65 g),25 Cal
Lime,1 piece (67 g),32 Cal
Longan,1 piece (62 g),46 Cal
Lychee,1 piece (10 g),8 Cal
Mandarin Orange,1 piece (80 g),42 Cal
Mango,1 piece (350 g),215 Cal
Mangosteen,1 piece (80 g),61 Cal
Maraschino Cherries,1 piece (5 g),2 Cal
"Melon, Galia Melon",1 portion (134 g),75 Cal
"Melon, Honeydew Melon",1 portion (150 g),84 Cal
"Melon, Musk melon",1 portion (150 g),84 Cal
"Melon, Water Melon",1 portion (150 g),57 Cal
"Melon, Winter Melon",1 cup (175 g),30 Cal
"Melon, Yellow Melon",1 portion (150 g),44 Cal
"Mixed Berries, frozen",1 portion (125 g),84 Cal
Mulberries,1 portion (125 g),58 Cal
Nectarine,1 piece (100 g),59 Cal
Nopal,1 portion (120 g),385 Cal
"Olive, black",1 piece (5 g),16 Cal
"Olive, green",1 piece (3 g),4 Cal
Orange,1 piece (160 g),75 Cal
Papaya,1 portion (125 g),44 Cal
Passion Fruit,1 piece (90 g),59 Cal
Pawpaw,1 piece (85 g),68 Cal
Peach,1 piece (135 g),59 Cal
Pear,1 piece (180 g),103 Cal
"Persimmon, Khaki","1 piece, small (75 g)",56 Cal
Pineapple,"1 slice, small (55 g)",32 Cal
Pink Grapefruit,1 piece (196 g),92 Cal
Plantain,1 portion (100 g),125 Cal
"Plantain, fried",1 portion (100 g),309 Cal
Plum,1 piece (35 g),17 Cal
Poha,1 portion (30 g),114 Cal
Pomegranate,1 piece (282 g),222 Cal
Pomelo,1 piece (609 g),285 Cal
Prickly Pear,1 piece (103 g),32 Cal
Prunes,1 piece (10 g),5 Cal
"Prunes, dried",1 portion (25 g),62 Cal
Quince,1 piece (92 g),46 Cal
Raisin,1 portion (20 g),62 Cal
Rambutan,1 piece (20 g),14 Cal
Raspberries,1 portion (125 g),54 Cal
Rhubarb,1 piece (80 g),16 Cal
Rose Hips,1 cup (127 g),162 Cal
Satsuma,1 piece (70 g),33 Cal
Sour Cherries,1 piece (6 g),3 Cal
Soursop,1 piece (400 g),132 Cal
Star Fruit,1 piece (85 g),26 Cal
Strawberries,1 piece (12 g),4 Cal
Tamarind,1 portion (50 g),145 Cal
Tangelo,1 piece (109 g),58 Cal
Tomatillo,1 piece (34 g),11 Cal
Bacon,1 slice (30 g),81 Cal
Bacon Rashers,1 portion (45 g),140 Cal
"Bacon, cooked",1 slice (6.3 g),32 Cal
Black Pudding,1 portion (100 g),244 Cal
Blood Sausage,1 piece (100 g),368 Cal
Bologna Sausage,1 slice (28 g),84 Cal
Boudin Sausage,1 portion (70 g),90 Cal
Bratwurst,"1 piece, small (80 g)",234 Cal
Breakfast Sausage Links,"1 piece, small (75 g)",244 Cal
Chorizo,1 piece (60 g),206 Cal
Cumberland Sausage,1 piece (75 g),244 Cal
Frankfurter Sausage,1 piece (75 g),186 Cal
Ham,1 slice (28 g),24 Cal
Ham Slice,1 slice (16.2 g),7 Cal
Ham Steak,1 slice (57 g),70 Cal
"Ham, boiled",1 portion (35 g),45 Cal
"Ham, cooked",1 slice (28 g),36 Cal
"Ham, smoked",1 portion (55 g),67 Cal
Honey Ham,1 slice (33 g),40 Cal
Hot Dog Sausage,1 piece (41 g),79 Cal
Hot Sausage,1 piece (56 g),113 Cal
Italian Sausage,1 portion (100 g),293 Cal
Kielbasa Sausage,1 portion (85 g),276 Cal
Linguica Sausage,1 piece (56 g),160 Cal
Link Sausage,1 piece (45 g),150 Cal
"Liverwurst, Liver Sausage",1 portion (30 g),101 Cal
Mortadella,1 slice (15 g),48 Cal
Parma Ham,1 slice (12 g),37 Cal
Pastrami,1 slice (28 g),41 Cal
Polish Sausage,1 piece (227 g),740 Cal
Pork Sausage,1 slice (50 g),146 Cal
Prosciutto,1 slice (16 g),14 Cal
Ring Bologna Sausage,1 portion (25 g),76 Cal
Salami,1 slice (17 g),65 Cal
Sausage,1 piece (75 g),296 Cal
Sausage Roll,1 piece (71 g),190 Cal
Serrano Ham,1 slice (14 g),32 Cal
Smoked Sausage,1 piece (68 g),210 Cal
Summer Sausage,1 piece (56 g),203 Cal
Turkey Bacon,1 portion (14 g),32 Cal
"Turkey Breast, smoked",1 portion (50 g),53 Cal
Turkey Ham,1 slice (28 g),23 Cal
Weisswurst,1 piece (75 g),225 Cal
Alfalfa Sprout,1 portion (15 g),5 Cal
Basil,1 portion (25 g),12 Cal
Bay Leaf,1 piece (0.2 g),1 Cal
Black Pepper,1 portion (3 g),9 Cal
Black Tea,"1 cup, small (150 ml)",1 Cal
Broth,1 portion (200 g),296 Cal
Caper,1 teaspoon (5 g),1 Cal
Cardamom,1 teaspoon (2 g),355 Cal
Cayenne Pepper,1 tablespoon (10 g),379 Cal
Chamomile Tea,"1 tablespoon, large (10 g)",0 Cal
Chili Pepper,"1 tablespoon, large (10 g)",38 Cal
Chili Powder,"1 tablespoon, large (10 g)",28 Cal
Chives,1 portion (3 g),1 Cal
Cinnamon,1 tablespoon (7.8 g),25 Cal
Cloves,1 tablespoon (4.5 g),19 Cal
Coriander,"1 tablespoon, small (10 g)",2 Cal
Cumin Seed,"1 portion, large (100 g)",375 Cal
Curry Powder,1 teaspoon (4 g),14 Cal
Dill,5 piece (1 g),1 Cal
Fenugreek,1 portion (6 g),22 Cal
Garlic Powder,1 teaspoon (6 g),20 Cal
Garlic Salt,"1 portion, small (1 g)",0 Cal
Ginger,"1 portion, small (1 g)",1 Cal
Ginger Tea,"1 piece, small (1.5 g)",0 Cal
"Ginger, grounded",1 portion (3 g),10 Cal
Green Pepper,1 portion (3 g),1 Cal
Green Tea,"1 cup, small (150 ml)",1 Cal
Harissa,1 portion (15 g),45 Cal
Hibiscus Tea,"1 cup, small (150 ml)",0 Cal
Lemon Grass,1 portion (5 g),4 Cal
Maggi,1 portion (15 ml),10 Cal
Marjoram,1 portion (3 g),2 Cal
Milo (NestlÃ©),1 portion (30 g),16 Cal
Mint,1 portion (3 g),1 Cal
Mustard Seed,1 teaspoon (3 g),15 Cal
Nutmeg,1 tablespoon (15 g),81 Cal
Onion Powder,1 teaspoon (8 g),27 Cal
Orange Bell Pepper,1 teaspoon (3.15 g),32 Cal
Oregano,1 teaspoon (1 g),3 Cal
Paprika,1 portion (3 g),9 Cal
Parsley,1 portion (30 g),18 Cal
Pepper,1 portion (3 g),1 Cal
Peppermint,1 portion (3 g),1 Cal
Pumpkin Pie Spice,"1 portion, large (100 g)",342 Cal
Rosemary,1 portion (5 g),3 Cal
Saffron,1 portion (0.125 g),0 Cal
Sage,1 portion (5 g),3 Cal
Salt,1 portion (0.04 g),0 Cal
Samphire,1 portion (3 g),1 Cal
Sea Salt,1 portion (2 g),0 Cal
Spicy Italian,1 portion (3 g),9 Cal
Stinging Nettles,"1 cup, ground (225 g)",107 Cal
Tea,"1 cup, small (150 ml)",1 Cal
"Tea, with Milk","1 cup, small (150 ml)",75 Cal
"Tea, with Milk and Sugar","1 cup, small (150 ml)",75 Cal
"Tea, with Semi Skimmed Milk","1 cup, small (150 ml)",4 Cal
Thyme,1 portion (3 g),2 Cal
Turmeric,1 tablespoon (7 g),26 Cal
Vanilla,"1 package, ground (5 g)",16 Cal
Wasabi,1 portion (3 g),4 Cal
Watercress,1 portion (3 g),1 Cal
Yerba Mate,1 cup (237 g),225 Cal
Zaatar,1 portion (1 g),0 Cal
Baskin Robbins Ice Cream,1 portion (88 g),210 Cal
Ben and Jerry's,1 portion (120 ml),260 Cal
Blue Moon Ice Cream,1 portion (67 g),136 Cal
Butter Pecan Ice Cream,1 portion (68 g),122 Cal
Caramel Sundae,1 portion (155 g),304 Cal
Chocolate Ice Cream,1 portion (50 g),89 Cal
Chocolate Milkshake,1 glass (248 g),336 Cal
Coffee Ice Cream,1 portion (50 g),89 Cal
Cookie Dough Ice Cream,"1 portion, medium (100 g)",240 Cal
Hot Fudge Sundae,1 piece (158 g),93 Cal
Ice Cream Cone,1 portion (20 g),52 Cal
Ice Cream Cookie Sandwich,1 portion (82 g),197 Cal
Ice Cream Sandwich,1 piece (90 ml),240 Cal
Ice Cream Sundae (McDonald's),1 portion (100 g),155 Cal
Italian Ice Cream,1 portion (85 g),109 Cal
Magnolia Sorbet,1 portion (116 ml),426 Cal
Magnum Almond (Wall's),1 portion (70 g),174 Cal
Magnum Double Caramel,1 piece (76 g),257 Cal
Magnum White (Wall's),1 piece (74 g),209 Cal
McFlurry (McDonald's),1 portion (160 g),397 Cal
McFlurry Oreo (McDonald's),1 portion (204 g),439 Cal
McFlurry Smarties (McDonald's),1 portion (150 g),345 Cal
Mint Chocolate Chip Ice Cream,1 portion (68 g),133 Cal
Natural Ice Cream,1 portion (80 g),140 Cal
Orange Sorbet,1 portion (87 g),110 Cal
Pop Ice,1 piece (50 g),91 Cal
Rocky Road Ice Cream,1 portion (86 g),323 Cal
Snickers Ice Cream (Mars),1 piece (93 g),210 Cal
"Soft Serve, Soft Ice Cream",1 piece (100 g),128 Cal
Solero (Wall's),1 piece (68 g),197 Cal
Strawberry Ice Cream,1 portion (50 g),44 Cal
Strawberry Sundae,1 portion (178 g),281 Cal
Vanilla Cone,1 portion (85 g),280 Cal
Vanilla Ice Cream,1 portion (50 g),94 Cal
7 Up (PepsiCo),"1 can, small (330 ml)",139 Cal
Aloe Vera Juice,1 glass (240 g),6 Cal
Apple Juice,1 glass (200 ml),113 Cal
Bitter Lemon,1 glass (200 ml),100 Cal
Canada Dry Ginger Ale,1 can (355 ml),138 Cal
Capri Sun,1 package (200 ml),72 Cal
Carrot Juice,1 glass (200 ml),48 Cal
Cherry Coke (Coca Cola),1 glass (250 ml),108 Cal
Cherry Juice,1 glass (150 ml),91 Cal
"Club Soda, Sparkling Water",1 glass (200 ml),0 Cal
Coconut Water,1 glass (245 ml),36 Cal
Coke (Coca Cola),"1 can, small (330 ml)",140 Cal
Coke Zero (Coca Cola),"1 can, small (330 ml)",1 Cal
Cranberry Grape Juice,1 glass (125 ml),70 Cal
Cranberry Juice,1 glass (200 ml),358 Cal
Cream Soda,"1 can, small (330 ml)",152 Cal
Crystal Light,1 bottle (48 ml),2 Cal
Cucumber Juice,1 glass (150 ml),15 Cal
Diet Coke (Coca Cola),"1 bottle, small (250 ml)",0 Cal
Diet Dr Pepper,1 bottle (500 ml),10 Cal
Diet Pepsi,1 glass (360 ml),0 Cal
Dr. Pepper,"1 bottle, large (500 ml)",210 Cal
Elderflower Syrup,1 tablespoon (15 ml),36 Cal
Energy Drink,1 can (250 ml),115 Cal
Fanta,"1 can, small (330 ml)",139 Cal
Fanta Zero,"1 can, small (330 ml)",0 Cal
Fresca,1 glass (250 ml),98 Cal
Fruit Juice,1 glass (200 ml),121 Cal
Fruit Punch,"1 bottle, large (500 ml)",240 Cal
"Fruitopia, Strawberry (Coca Cola)",1 glass (200 ml),80 Cal
Fuze Tea,"1 can, small (30 ml)",14 Cal
Gatorade,1 glass (200 ml),48 Cal
Gatorade G2,1 glass (250 ml),20 Cal
Ginger Ale,"1 can, small (330 ml)",112 Cal
Grape Juice,1 glass (200 ml),120 Cal
Grapefruit Juice,1 glass (200 ml),106 Cal
Grenadine,1 glass (200 ml),100 Cal
Hawaiian Punch,1 glass (200 ml),944 Cal
Horchata,1 glass (200 ml),108 Cal
Iced Tea,"1 can, small (330 ml)",31 Cal
Kombucha,"1 cup, small (150 ml)",38 Cal
Kool Aid (Kraft Heinz),"1 package, small (3.9 g)",2 Cal
Lemon Juice,1 glass (200 ml),74 Cal
Lemonade,"1 bottle, small (330 ml)",94 Cal
Lime Juice,"1 portion, large (100 ml)",25 Cal
Mello Yello,1 portion (473 ml),232 Cal
Minute Maid,1 can (330 ml),53 Cal
Monster Energy,"1 can, small (330 ml)",139 Cal
Mug Root Beer,1 portion (591 ml),260 Cal
Nestea,"1 can, small (330 ml)",66 Cal
Orange Juice,1 glass (200 ml),87 Cal
Orange Soda,1 can (355 g),3 Cal
Peach Juice,1 glass (200 ml),84 Cal
Pear Juice,1 glass (200 ml),96 Cal
Pepsi,"1 can, small (330 ml)",145 Cal
Pepsi Max,1 glass (250 ml),1 Cal
Pineapple Juice,1 glass (200 ml),87 Cal
Pink Lemonade,"1 can, small (250 ml)",100 Cal
Pomegranate Juice,1 glass (200 ml),94 Cal
Powerade,1 bottle (500 ml),91 Cal
"Prune Juice, Plum Juice",1 glass (200 ml),93 Cal
Red Bull Energy Drink,"1 can, small (330 ml)",152 Cal
Schweppes Ginger Ale,1 glass (200 ml),72 Cal
Slurpee,"1 piece, small (360 g)",1613 Cal
"Smoothie, Fruit Smoothie",1 glass (200 ml),266 Cal
Soft Drink,1 glass (200 ml),82 Cal
Sports Drink,"1 bottle, small (372 g)",97 Cal
Sprite,"1 can, small (330 ml)",109 Cal
Sprite Zero,"1 can, small (330 ml)",4 Cal
Squirt Soda,1 glass (330 ml),1082 Cal
Strawberry Shake,"1 portion, small (282 g)",319 Cal
Sweet Tea,1 portion (215 g),60 Cal
TaB Cola,"1 can, small (330 ml)",7 Cal
Tomato Juice,1 glass (200 ml),33 Cal
Tonic Water,"1 can, small (330 ml)",112 Cal
Vanilla Coke (Coca Cola),1 can (200 ml),84 Cal
Vegetable Juice,1 glass (200 ml),67 Cal
Water,"1 cup, small (150 ml)",0 Cal
"Water, with Lemon",1 glass (237 ml),5 Cal
Absinthe (70%),"1 glass, small (30 ml)",133 Cal
Amaretto (28%),"1 glass, small (30 ml)",95 Cal
Baileys (17%),"1 glass, small (30 ml)",94 Cal
Blue Curacao (21%),1 portion (29.6 ml),72 Cal
Bourbon Whiskey (40%),"1 glass, small (30 ml)",74 Cal
Brandy (40%),"1 glass, small (30 ml)",92 Cal
Chambord (16.5%),"1 glass, small (30 ml)",70 Cal
Coffee Liqueur (16%),"1 portion, large (100 ml)",336 Cal
Cointreau (40%),"1 glass, small (30 ml)",101 Cal
Dark Rum (40%),1 glass (30 ml),69 Cal
Drambuie (40%),"1 bottle, whole (700 ml)",2562 Cal
Eggnog (20%),"1 glass, small (30 ml)",85 Cal
Frangelico (20%),"1 glass, small (30 ml)",63 Cal
Gin (37.5%),"1 glass, small (30 ml)",80 Cal
Gin Tonic,1 glass (250 ml),165 Cal
Grand Marnier (40%),1 glass (20 ml),64 Cal
Jack Daniel's (35%),"1 glass, small (30 ml)",75 Cal
Jim Beam (40%),"1 glass, small (30 ml)",72 Cal
JÃ¤germeister (35%),"1 glass, small (30 ml)",77 Cal
Kahlua (16%),"1 glass, small (30 ml)",74 Cal
"Liquor, Cordial",1 portion (86 ml),319 Cal
Pina Colada,1 glass (240 ml),188 Cal
Rum (40%),"1 glass, small (30 ml)",70 Cal
Sambuca (40%),"1 glass, small (30 ml)",116 Cal
Scotch Whiskey (40%),"1 glass, small (30 ml)",69 Cal
Southern Comfort (35%),"1 glass, small (30 ml)",69 Cal
Tequila (40%),"1 glass, small (30 ml)",69 Cal
Tequila Sunrise,1 glass (180 ml),198 Cal
Triple Sec (38%),"1 glass, small (30 ml)",111 Cal
Vodka (37.5%),"1 glass, small (30 ml)",70 Cal
Whiskey Sour,1 glass (68 ml),101 Cal
Aloo Paratha,1 piece (100 g),230 Cal
Alphabet Soup,1 portion (400 g),120 Cal
Avocado Toast,1 portion (76 g),190 Cal
Bacon and Eggs,1 portion (53.9 g),135 Cal
Bean Burrito,1 piece (129 g),285 Cal
Beef Noodle Soup,"1 portion, large (400 g)",280 Cal
Beef Stock,1 cup (340 g),26 Cal
Biryani,1 cup (172 g),108 Cal
Black Bean Soup,1 portion (250 g),258 Cal
Broccoli Cheese Soup,1 cup (237 g),164 Cal
Burrito,1 piece (135 g),323 Cal
Butter Chicken,1 portion (125 ml),210 Cal
Cabbage Soup,1 portion (175 g),62 Cal
Caesar Salad with Grilled Chicken,1 portion (284 g),352 Cal
Cannelloni,1 portion (86 g),123 Cal
Carrot Soup,1 portion (200 ml),94 Cal
Chana Daal,"1 cup, small (50 g)",190 Cal
Chicken Biryani,1 portion (284 g),719 Cal
"Chicken Broth, Chicken Soup, Chicken Stock",1 portion (200 g),296 Cal
Chicken Caesar Salad,1 portion (255 g),469 Cal
Chicken Chow Mein,1 portion (268 g),480 Cal
Chicken Curry,1 portion (450 g),412 Cal
Chicken Egg Roll,1 piece (80 g),158 Cal
Chicken Fajita,1 piece (139 g),224 Cal
Chicken Fried Rice,1 portion (250 g),433 Cal
Chicken Fried Steak,1 portion (283 g),399 Cal
Chicken Gizzards,1 cup (145 g),154 Cal
Chicken Marsala,1 portion (326 g),329 Cal
Chicken Noodle Soup,1 cup (243 g),114 Cal
Chicken Parmesan,1 portion (301 g),614 Cal
Chicken Pot Pie,"1 piece, small (227 g)",365 Cal
Chicken Rice Soup,1 cup (240 g),53 Cal
Chicken Salad,1 portion (80 g),150 Cal
Chicken Tikka Masala,1 portion (144 g),274 Cal
Chicken Vegetable Soup,1 cup (255 g),33 Cal
Chilli con Carne,1 can (405 g),405 Cal
Chimichanga,"1 piece, large (324 g)",797 Cal
Chip Shop Chips,"1 portion, small (145 g)",310 Cal
Chop Suey,1 portion (220 g),284 Cal
Chow Mein Noodles,"1 portion, large (777 g)",3660 Cal
Cobb Salad,1 portion (250 g),230 Cal
Corn Tamale,1 piece (166 g),309 Cal
Cottage Pie,1 cup (243 g),109 Cal
Crab Cake,"1 piece, small (14.2 g)",29 Cal
Cream of Broccoli Soup,1 cup (237 g),164 Cal
Cream of Chicken Soup,"1 portion, small (100 g)",90 Cal
Cream of Mushroom Soup,1 portion (250 ml),958 Cal
Dal,1 cup (227 g),298 Cal
Dim Sum,1 portion (125 g),51 Cal
"Dosa, plain","1 piece, small (35 g)",74 Cal
Dumplings,1 piece (97 g),347 Cal
Egg Drop Soup,1 portion (396 g),107 Cal
Egg Fried Rice,1 portion (140 g),290 Cal
Egg Omelette,1 portion (61 g),94 Cal
"Egg, over easy",1 piece (50 g),72 Cal
"Egg, sunny side up",1 piece (50 g),72 Cal
Eggy Bread,1 slice (65 g),177 Cal
Empanada,1 piece (89 g),298 Cal
Enchiladas,1 piece (137 g),374 Cal
Fajita,1 piece (142 g),234 Cal
Falafel,1 piece (17 g),60 Cal
Fish Curry,1 cup (240 g),221 Cal
Fish and Chips,1 portion (145 g),310 Cal
Flour Tortilla,"1 piece, small (33 g)",28 Cal
French Onion Soup,"1 portion, medium (100 g)",153 Cal
French Toast,1 slice (65 g),135 Cal
Fried Egg,1 piece (55 g),113 Cal
General Tso's Chicken,1 piece (17.7 g),52 Cal
Goulash,1 portion (400 g),359 Cal
Hash Brown Potato,1 cup (156 g),196 Cal
Hot & Sour Soup,1 cup (233 g),39 Cal
Jambalaya,1 cup (244 g),124 Cal
Khichdi,1 portion (200 g),234 Cal
Kung Pao Chicken,"1 portion, small (100 g)",129 Cal
Lasagna,1 package (400 g),682 Cal
Lentil Soup,"1 portion, small (250 g)",63 Cal
Mac and Cheese,1 portion (230 g),1155 Cal
Manicotti,1 piece (127 g),262 Cal
Meat Pie,1 piece (119 g),243 Cal
Meatball,3 piece (56 g),120 Cal
Meatball Soup,"1 portion, large (350 g)",378 Cal
Meatloaf,1 portion (113 g),186 Cal
Mince Pie,1 piece (165 g),477 Cal
Minestrone Soup,1 portion (270 g),122 Cal
Miso Soup,1 portion (170 g),232 Cal
Mushroom Soup,"1 portion, small (250 g)",221 Cal
Noodle Soup,"1 portion, small (180 g)",180 Cal
Omelette,1 portion (190 g),735 Cal
Onion Soup,"1 portion, small (250 g)",41 Cal
Orange Chicken,1 piece (134 g),351 Cal
Oxtail Soup,1 portion (250 g),210 Cal
Pad Thai,1 portion (200 g),200 Cal
Paella,1 portion (450 g),541 Cal
Pasta Bolognese,1 portion (250 g),364 Cal
Pasta Pesto,1 portion (200 g),628 Cal
Pasta with Tomato Sauce,"1 portion, small (300 g)",1024 Cal
Pide,1 piece (200 g),546 Cal
Poached Egg,1 piece (50 g),69 Cal
Poke,1 piece (125 g),460 Cal
Potato Salad,1 portion (400 g),418 Cal
Potato Soup,"1 portion, small (270 g)",247 Cal
"Potato, baked, Baked Potato with Sour Cream","1 piece, small (260 g)",338 Cal
"Potatoes au Gratin, Potato Gratin, Scalloped Potatoes","1 portion, small (100 g)",113 Cal
Pumpkin Cream,"1 portion, large (450 ml)",2516 Cal
Rajma,1 portion (142 g),203 Cal
Ramen,1 portion (500 ml),312 Cal
Roast Dinner,1 portion (269 g),336 Cal
Sambar,1 portion (250 g),213 Cal
Samosa,1 piece (100 g),112 Cal
Sandwich,1 portion (143 g),322 Cal
Scrambled Eggs,1 portion (125 g),194 Cal
Scrapple,"1 slice, small (25 g)",57 Cal
Shepherds Pie,1 piece (250 g),308 Cal
Shrimp Cocktail,1 portion (100 g),122 Cal
"Spaghetti with Meat Sauce, Spaghetti Bolognese",1 portion (300 g),360 Cal
Spaghetti with Meatballs,1 portion (240 g),365 Cal
Spicy Tuna Roll,1 portion (120 g),210 Cal
Split Pea Soup with Ham,1 portion (250 g),193 Cal
Split Pea Soup,"1 portion, small (270 g)",205 Cal
Spring Roll,1 piece (28 g),59 Cal
Squash,"1 piece, sliced (154 g)",294 Cal
Stew Beef,1 portion (200 g),148 Cal
Stir Fried Vegetables,1 portion (160 g),221 Cal
Taco,1 piece (102 g),210 Cal
Tandoori Chicken,"1 portion, small (85 g)",210 Cal
Tomatosoup,1 portion (200 ml),73 Cal
Tuna Salad,"1 portion, small (150 g)",109 Cal
Turkey Pot Pie,1 portion (120 g),277 Cal
Turkey Vegetable Soup,1 cup (287 g),138 Cal
Vegetable Beef Soup,1 portion (300 g),144 Cal
Vegetable Egg Roll,1 piece (64 g),164 Cal
Vegetable Lasagna,1 portion (250 g),297 Cal
Vegetable Soup,1 portion (250 ml),65 Cal
Wonton Soup,1 cup (267 ml),85 Cal
Actimel (Danone),1 bottle (100 g),73 Cal
Activia (Danone),1 package (115 g),85 Cal
Activia Strawberry (Danone),1 package (115 g),101 Cal
Ayran,"1 bottle, small (250 ml)",88 Cal
Blueberry Yogurt,1 tablespoon (15 g),10 Cal
Fruit Yogurt,"1 package, small (125 g)",131 Cal
Greek Yogurt,1 package (150 g),174 Cal
"Greek Yogurt, 0%, fat free",1 package (150 g),81 Cal
Low Fat Yogurt,1 portion (150 g),68 Cal
"Natural Yoghurt, plain",1 portion (150 g),104 Cal
Organic Yogurt,"1 cup, small (150 ml)",100 Cal
Quark,1 portion (125 g),199 Cal
Skim Milk Yogurt,1 portion (150 g),108 Cal
Skyr Yogurt,1 cup (150 g),72 Cal
Sour Cream,1 portion (30 g),59 Cal
"Sour Cream, light",1 portion (30 g),41 Cal
Strawberry Greek Yogurt,1 portion (150 g),123 Cal
Strawberry Yogurt,"1 package, small (125 g)",56 Cal
Triple Zero Greek Yogurt (Oikos),1 portion (150 g),120 Cal
Vanilla Yogurt,"1 package, small (125 g)",127 Cal
Yogurt Parfait,1 portion (150 g),126 Cal
Yoplait Strawberry,1 portion (170 g),150 Cal
Brut Champagne,1 glass (200 ml),164 Cal
Cabernet Sauvignon,"1 glass, small (100 ml)",83 Cal
Cava,1 glass (100 ml),75 Cal
Champagne,"1 glass, small (100 ml)",83 Cal
Chardonnay,"1 glass, small (100 ml)",84 Cal
Cider,1 glass (250 ml),118 Cal
Malbec,1 glass (200 ml),172 Cal
Marsala Wine,1 portion (30 ml),35 Cal
Merlot,"1 glass, small (100 ml)",83 Cal
Mulled Wine,1 glass (200 ml),213 Cal
Non Alcoholic Wine,"1 glass, small (100 ml)",15 Cal
Pinot Gris,"1 glass, small (100 ml)",83 Cal
Pinot Noir,"1 glass, small (100 ml)",82 Cal
Plum Wine,1 glass (200 ml),212 Cal
Port Wine,"1 glass, small (100 ml)",154 Cal
Prosecco,"1 glass, small (100 ml)",83 Cal
"Red Wine, dry","1 glass, small (100 ml)",74 Cal
"Red Wine, sweet","1 glass, small (100 ml)",82 Cal
Riesling,"1 glass, small (100 ml)",80 Cal
Rose Wine,"1 glass, small (100 ml)",89 Cal
Sangria,"1 glass, small (100 ml)",96 Cal
Sauvignon Blanc,"1 glass, small (100 ml)",81 Cal
Sherry,"1 glass, small (100 ml)",118 Cal
Shiraz,1 glass (200 ml),166 Cal
Sparkling Wine,1 glass (100 ml),83 Cal
Vermouth,"1 glass, small (100 ml)",160 Cal
"White Wine, dry","1 glass, small (100 ml)",74 Cal
"White Wine, sweet","1 glass, small (100 ml)",98 Cal
"Zinfandel, White Zinfandel",1 glass (200 ml),102 Cal
Arrowroot,1 piece (33 g),21 Cal
Artichoke,1 piece (128 g),56 Cal
Asparagus,"1 piece, small (12 g)",2 Cal
"Asparagus, cooked",1 portion (125 g),19 Cal
Azuki Beans,1 portion (60 g),217 Cal
Baked Beans,1 cup (253 g),266 Cal
Bamboo Shoot,1 glass (330 g),76 Cal
Banana Pepper,"1 piece, small (33 g)",9 Cal
Bean Sprouts,1 portion (102 g),48 Cal
Bell Pepper,1 piece (155 g),35 Cal
Black Beans,1 portion (80 g),299 Cal
"Black Beans, cooked",1 cup (172 g),154 Cal
Black Chana,1 portion (35 g),132 Cal
Black Chickpeas,1 portion (100 g),348 Cal
Black Eyed Peas,1 portion (35 g),110 Cal
Bok Choy,1 piece (400 g),66 Cal
Broccoli,1 piece (350 g),119 Cal
"Broccoli, cooked",1 portion (85 g),23 Cal
"Broccoli, steamed",1 portion (85 g),26 Cal
Brown Lentil,1 cup (200 g),232 Cal
Brussels Sprouts,1 piece (19 g),8 Cal
Butternut Squash,1 portion (150 g),68 Cal
Cabbage,1 portion (200 g),61 Cal
"Cabbage, cooked","1 portion, chopped (80 g)",10 Cal
Capsicum,1 piece (45 g),18 Cal
Carrot,"1 piece, small (60 g)",23 Cal
"Carrot, cooked",1 portion (46 g),10 Cal
"Carrot, roasted",1 portion (85 g),34 Cal
Cauliflower Rice,1 portion (200 g),48 Cal
Cauliflower,1 portion (200 g),56 Cal
Celeriac,1 piece (370 g),101 Cal
Celery,1 piece (80 g),17 Cal
Cherry Tomatoes,1 portion (90 g),18 Cal
Chickpeas,1 can (240 g),363 Cal
"Chickpeas, canned",1 can (240 g),324 Cal
Collard Greens,"1 portion, chopped (80 g)",26 Cal
"Corn, canned",1 cup (256 g),81 Cal
"Corn, on the Cob",1 piece (100 g),45 Cal
"Courgette, Zucchini",1 piece (230 g),52 Cal
Creamed Spinach,1 portion (125 g),78 Cal
Cucumber,1 portion (150 g),21 Cal
Daikon,1 portion (78 g),30 Cal
Dandelion,1 portion (20 g),9 Cal
Dill Pickles,"1 piece, small (35 g)",4 Cal
Dock,1 cup (133 g),22 Cal
Dried Tomatoes,1 piece (2 g),2 Cal
"Eggplant, Aubergine",1 piece (300 g),59 Cal
Fava Beans,1 piece (6 g),5 Cal
Fennel,1 piece (135 g),31 Cal
Fiddlehead,1 portion (100 g),34 Cal
Garbanzo,"1 portion, medium (100 g)",478 Cal
Garlic,1 slice (3 g),4 Cal
Grape Leaves,1 piece (3 g),3 Cal
Grape Tomato,"5 piece, small (50 g)",16 Cal
Green Beans,1 portion (200 g),79 Cal
Green Lentils,1 portion (60 g),211 Cal
Green Onion,1 piece (15 g),5 Cal
Green Peas,1 portion (25 g),23 Cal
Heart of Palm,1 portion (100 g),44 Cal
Horse Gram,1 portion (40 g),36 Cal
Horseradish,1 piece (300 g),233 Cal
Jalapeno,1 piece (14 g),4 Cal
Japanese Sweet Potato,1 piece (130 g),114 Cal
Jerusalem Artichoke,1 portion (150 g),110 Cal
JÃ­cama,"1 piece, small (365 g)",139 Cal
Kale,1 package (300 g),136 Cal
Kelp,1 portion (10 g),4 Cal
Kidney Beans,1 portion (100 g),298 Cal
Kimchi,"1 portion, chopped (50 g)",8 Cal
Leek,1 piece (150 g),46 Cal
Lentils,1 tablespoon (12 g),40 Cal
"Lentils, cooked",1 portion (80 g),70 Cal
Lima Beans,1 portion (40 g),28 Cal
Lotus Root,1 piece (115 g),85 Cal
Masoor Dal,1 portion (40 g),52 Cal
Moong Dal,1 portion (40 g),125 Cal
Mung Beans,1 portion (40 g),125 Cal
Mustard Greens,1 portion (50 g),250 Cal
Napa Cabbage,"1 portion, chopped (75 g)",27 Cal
Natto,1 portion (44 g),91 Cal
Navy Beans,1 portion (80 g),270 Cal
Okra,1 piece (11.87 g),17 Cal
Onion,1 slice (15 g),5 Cal
"Onion, cooked","1 piece, small (60 g)",18 Cal
Parsnip,1 piece (80 g),51 Cal
"Peanuts, roasted",1 portion (30 g),180 Cal
Peas,1 portion (150 g),136 Cal
Pickle,1 portion (40 g),11 Cal
Pinto Beans,1 portion (40 g),139 Cal
"Pinto Beans, cooked",1 cup (205 g),293 Cal
Pumpkin,1 portion (125 g),36 Cal
"Pumpkin, canned",1 portion (100 g),34 Cal
Radicchio,1 piece (200 g),33 Cal
Radish,1 piece (15 g),3 Cal
Rapa Cabbage,1 piece (200 g),55 Cal
Red Beans,1 portion (70 g),37 Cal
Red Cabbage,1 portion (200 g),55 Cal
Red Lentils,1 cup (192 g),704 Cal
Red Onion,1 slice (14 g),4 Cal
Refried Beans,1 cup (242 g),83 Cal
Roma Tomato,1 portion (125 g),25 Cal
Runner Beans,1 portion (35 g),14 Cal
Rutabaga,1 piece (386 g),137 Cal
Shallot,1 piece (30 g),7 Cal
Soybean,1 portion (35 g),52 Cal
Spaghetti Squash,1 portion (150 g),41 Cal
Spinach,"1 portion, small (150 g)",33 Cal
"Spinach, cooked",1 portion (240 g),46 Cal
Spirulina,1 portion (3 g),1 Cal
String Beans,1 portion (40 g),16 Cal
Swede,1 portion (200 g),71 Cal
Sweet Onion,1 portion (148 g),660 Cal
Sweet Potato,"1 portion, small (150 g)",174 Cal
"Sweet Potato, baked",1 portion (175 g),175 Cal
"Sweet Potato, boiled",1 portion (175 g),217 Cal
Sweetcorn,1 portion (150 g),141 Cal
Swiss chard,1 portion (175 g),37 Cal
Taro,1 portion (125 g),135 Cal
Tomato,1 piece (120 g),24 Cal
Turnip,1 piece (50 g),19 Cal
Turnip Greens,1 piece (170 g),54 Cal
Vegetable Stock,1 tablespoon (8 g),2 Cal
White Beans,1 portion (50 g),60 Cal
Yellow Bell Pepper,"1 piece, small (125 g)",46 Cal
Yellow Lentils,1 portion (40 g),142 Cal
Yucca,1 piece (200 g),282 Cal
Yukon Gold Potatoes,1 portion (148 g),290 Cal
Almond Milk,1 glass (200 ml),44 Cal
Azumaya Tofu,1 portion (85 g),70 Cal
Bean Curd,1 portion (100 g),154 Cal
"Bean Curd, fried","1 piece, sliced (35 g)",21 Cal
Firm Tofu,1 piece (84 g),71 Cal
Meatless Meatballs,"1 piece, small (15 g)",30 Cal
Oat Milk,1 glass (200 ml),79 Cal
Plant Based Chicken,1 portion (90 g),386 Cal
Rice Milk,1 cup (240 ml),126 Cal
Silken Tofu,1 portion (50 g),27 Cal
Soft Tofu,1 portion (80 g),42 Cal
Soy Cheese ,1 portion (18 g),47 Cal
Soy Milk,1 cup (240 ml),87 Cal
"Soy Milk, unsweetened",1 glass (200 ml),66 Cal
Soy Nut Butter,1 portion (16 g),98 Cal
Soy Yogurt,"1 package, small (125 g)",36 Cal
Soya Chunks,1 portion (75 g),193 Cal
Tempeh,1 portion (85 g),142 Cal
Textured Soy Protein,1 portion (22 g),98 Cal
Tofu,1 portion (80 g),101 Cal
"Tofu, fried","1 portion, sliced (50 g)",135 Cal
"Vanilla Almond Milk, unsweetened",1 glass (200 ml),42 Cal
Vegan Chicken,1 piece (90 g),143 Cal
Vegan Meat,1 portion (85 g),217 Cal
Vegan Steak,1 piece (100 g),268 Cal
Veggie Patty,1 piece (90 g),178 Cal
3 Musketeers (Mars),1 piece (41 g),164 Cal
After Eight Mints (NestlÃ©),1 piece (8 g),34 Cal
Airheads,1 piece (11.5 g),46 Cal
Almond Roca,1 portion (36 g),200 Cal
Animal Crackers,1 portion (25 g),112 Cal
Birthday Cake,1 piece (85 g),340 Cal
Biscoff Cookies,1 piece (7.75 g),35 Cal
"Biscuit, hard, Tea Biscuits","1 piece, small (5 g)",21 Cal
Butterfinger,"1 bar, small (21 g)",96 Cal
Candy Cane,1 piece (6 g),25 Cal
Candy Corn,"1 portion, small (33 g)",118 Cal
Cannoli,1 piece (85 g),216 Cal
Caramel Rice Cake,1 piece (13 g),50 Cal
Caramel Squares,"1 piece, small (13 g)",50 Cal
Caramels,1 piece (5 g),22 Cal
Celebrations (Mars),1 portion (34 g),170 Cal
Chewing Gum,1 piece (3 g),11 Cal
Chocolate Bar,"1 bar, small (42 g)",201 Cal
Chocolate Chip Cookie,1 bar (56 g),276 Cal
Chocolate Fudge,1 piece (17 g),68 Cal
Chocolate Wafers,1 piece (6 g),26 Cal
"Chocolate, Dark Chocolate",1 portion (30 g),155 Cal
"Chocolate, Milk Chocolate",1 piece (4.2 g),23 Cal
"Chocolate, White Chocolate",1 piece (5 g),27 Cal
Clif Bar,1 bar (68 g),235 Cal
Cookies,1 piece (10 g),44 Cal
Cotton Candy,1 portion (14 g),55 Cal
Dairy Milk Chaocolate (Cadbury),"1 package, small (39 g)",200 Cal
Digestive Biscuit,1 piece (14.7 g),71 Cal
Digestive Milk Chocolate,1 piece (17 g),80 Cal
Ferrero Rocher (Ferrero),1 piece (11 g),66 Cal
Fortune Cookies,1 piece (8 g),30 Cal
Gingerbread,1 portion (28.5 g),112 Cal
Gingersnap Cookies,1 piece (7 g),29 Cal
Glazed Donut,1 portion (79 g),330 Cal
Graham Crackers,1 piece (8 g),34 Cal
Halavah,1 piece (227 g),1126 Cal
Hard Candy,"1 piece, small (3 g)",12 Cal
Hershey's Kisses (Hershey),1 piece (41.1 g),206 Cal
Honeycomb,1 portion (21 g),70 Cal
Jaffa Cakes,1 portion (25 g),90 Cal
Jellies,1 portion (20 g),79 Cal
Jelly Beans,1 portion (40 g),140 Cal
Jolly Ranchers,1 portion (15 g),60 Cal
Jordan Almonds,1 package (35 g),21 Cal
Kit Kat (NestlÃ©),1 bar (78 g),399 Cal
Laffy Taffy,1 portion (39 g),140 Cal
"Licorice, Liquorice",1 piece (5 g),19 Cal
LifeSavers (Wrigley),1 piece (4 g),13 Cal
Lindt Chocolate,1 piece (10 g),62 Cal
Lollipop,1 piece (12 g),47 Cal
M&M's,10 piece (7 g),36 Cal
Macaron,1 piece (13 g),64 Cal
Maltesers (Mars),1 portion (37 g),185 Cal
Mars Bar,1 piece (39 g),175 Cal
Marshmallow,1 piece (7 g),23 Cal
Marzipan,1 tablespoon (15 g),75 Cal
Meringue,1 piece (22 g),79 Cal
Mike and Ike,"1 piece, small (3.2 g)",13 Cal
Milk Duds,1 piece (9 g),4 Cal
Milky Way (Mars),"1 piece, small (8 g)",36 Cal
Mini Milk (Wall's),"1 piece, small (15 g)",54 Cal
Nutella (Ferrero),1 portion (20 g),108 Cal
Nutri Grain (Kellogg's),1 bar (38 g),139 Cal
Oatmeal Cookies,"1 piece, small (20 g)",90 Cal
Oatmeal Raisin Cookies,"1 piece, small (20 g)",90 Cal
Oreo,1 piece (11 g),52 Cal
Panettone,1 slice (83 g),303 Cal
PayDay (Hershey),1 bar (52 g),255 Cal
Peanut Brittle,1 portion (30 g),146 Cal
Peanut Butter Bars,1 bar (42 g),228 Cal
Peanut Butter Cookies,1 piece (20 g),95 Cal
Peanut Butter Cups (Reese's),"1 piece, small (17 g)",88 Cal
Peanut Butter Fudge,1 piece (16 g),62 Cal
Pez,1 portion (8.5 g),34 Cal
Rolo (NestlÃ©),1 portion (26 g),125 Cal
Saltine Crackers,1 piece (6 g),23 Cal
Shortbread Cookies,"1 piece, small (20 g)",88 Cal
Shredded Wheat,1 piece (21 g),8 Cal
Skittles Original (Wrigley),1 portion (30 g),121 Cal
Smarties (NestlÃ©),1 portion (14 g),66 Cal
Snickers,1 bar (50 g),240 Cal
Snickers Mini,1 bar (18 g),80 Cal
Sparks,1 portion (30 g),100 Cal
Sugar Apple,1 piece (155 g),146 Cal
Sugar Cookies,1 portion (40 g),147 Cal
Sunkist,1 piece (21 g),86 Cal
Taffy Candy,"1 piece, small (15 g)",58 Cal
Toblerone (Mondelez),1 piece (25 g),134 Cal
Toffee,1 piece (5 g),22 Cal
Twix,"1 bar, small (25 g)",124 Cal
Vanilla Wafers,1 piece (3.75 g),17 Cal
Zinger (Hostess),1 bar (36 g),130 Cal
"Avocado Sushi, Maki",1 piece (30 g),28 Cal
California Roll Inside Out,1 piece (30 g),28 Cal
Cucumber Maki,1 piece (22 g),20 Cal
Inside Out Sushi,1 piece (30 g),28 Cal
Nigiri,1 piece (32 g),53 Cal
Nori,1 piece (3 g),9 Cal
Pickled Ginger,1 tablespoon (8 g),2 Cal
Salmon Maki,1 piece (15.2 g),25 Cal
Salmon Nigiri,1 piece (35 g),63 Cal
Sashimi,1 portion (60 g),113 Cal
Soy Sauce,1 tablespoon (15 ml),18 Cal
Surimi,1 piece (15 g),17 Cal
Tempura Sushi,1 portion (106 g),170 Cal
"Tuna Sushi, Maki",1 piece (32 g),55 Cal
Uramaki,1 piece (29 g),54 Cal
Wasabi,1 portion (3 g),4 Cal
BCAA,1 portion (8 g),32 Cal
"Booster, Vanilla",1 portion (18 g),90 Cal
Casein,1 portion (30 g),100 Cal
Chlorella,1 teaspoon (5 g),344 Cal
Chocolate Shake,1 bottle (500 ml),300 Cal
Collagen,1 portion (14 g),50 Cal
Collagen Peptides,"1 portion, large (100 g)",357 Cal
Creatin,1 portion (5 g),5 Cal
"EAA, Vanilla",1 portion (30.1 g),110 Cal
Herbalife Tea,1 portion (1.7 g),6 Cal
Impact Whey Protein,1 portion (30 g),123 Cal
Mass Gainer,1 portion (30 g),114 Cal
Omega 3,1 piece (1.4 g),10 Cal
Protein,1 portion (32 g),113 Cal
Protein Bar,1 bar (40 g),153 Cal
Protein Powder,1 portion (30 g),120 Cal
Protein Shake,1 bottle (500 ml),300 Cal
Soy Protein Powder,1 portion (45 g),175 Cal
Vegan protein,1 portion (30 g),121 Cal
Weight Gainer,1 portion (150 g),551 Cal
Whey Protein,1 portion (30 g),120 Cal
Whey Protein Gold Standard,1 portion (31 g),117 Cal
Whey Protein Isolate,1 portion (30 g),108 Cal
Whey Protein Powder Vanilla,1 portion (30 g),113 Cal
1000 Island Dressing,1 tablespoon (16 g),370 Cal
Agave Syrup,1 tablespoon (20 g),61 Cal
Apple Butter,1 tablespoon (17 g),173 Cal
Apple Cider Vinegar,1 tablespoon (15 ml),3 Cal
Au Jus,1 can (298 g),16 Cal
Balsamic Vinaigrette Dressing,1 bottle (300 ml),990 Cal
Balsamic Vinegar,1 tablespoon (15 ml),15 Cal
Barbecue Sauce,1 tablespoon (10 g),16 Cal
Basil Pesto,1 tablespoon (55 g),314 Cal
Beef Gravy,1 portion (125 ml),66 Cal
Bernaise Sauce,1 tablespoon (16 g),529 Cal
Blue Cheese Dressing,1 portion (30 g),145 Cal
Bolognese,1 portion (300 g),350 Cal
Bouillon,1 cup (250 g),13 Cal
Caesar Dressing,1 cup (235 g),1077 Cal
Cheese Sauce,"1 portion, small (20 ml)",17 Cal
Cheese Whiz,"1 portion, large (32 g)",80 Cal
Chicken Gravy,0.25 cup (57 g),48 Cal
Chili Sauce,"1 bottle, large (150 ml)",138 Cal
Chocolate Spread,1 portion (37 g),199 Cal
Cocktail Sauce,1 tablespoon (10 g),42 Cal
Coleslaw Dressing,"1 portion, medium (100 g)",404 Cal
Cream Sauce,1 portion (100 ml),163 Cal
Curry Sauce,1 portion (80 g),185 Cal
Dijon Mustard,1 portion (5 g),5 Cal
Duck Sauce,1 tablespoon (12 g),29 Cal
Fish Sauce,"1 tablespoon, small (18 ml)",6 Cal
French Dressing,1 tablespoon (15 ml),63 Cal
Gravy,1 portion (30 ml),16 Cal
Gravy Granules,1 portion (2.5 g),9 Cal
Greek Dressing,1 portion (36 g),120 Cal
Green Goddess Dressing,1 tablespoon (15 ml),64 Cal
Guacamole,1 portion (30 g),49 Cal
Hoisin Sauce,1 tablespoon (16 ml),35 Cal
Honey Mustard Dressing,1 tablespoon (15 ml),70 Cal
Hummus,1 tablespoon (15 g),37 Cal
Italian Dressing,1 portion (25 g),41 Cal
Jelly,1 tablespoon (19 g),279 Cal
"Ketchup, Tomato Ketchup",1 tablespoon (15 g),17 Cal
Maple Syrup,1 tablespoon (20 g),52 Cal
Marmite,1 teaspoon (12 g),22 Cal
Marshmallow Fluff,1 tablespoon (15 g),48 Cal
Mayonnaise,1 tablespoon (12 g),91 Cal
Mushroom Gravy,1 portion (60 g),65 Cal
Mustard,1 tablespoon (9 g),8 Cal
Nutella (Ferrero),1 portion (20 g),108 Cal
Olive Spread,1 tablespoon (16 g),278 Cal
Orange Jam,1 tablespoon (16 g),28 Cal
Oyster Sauce,1 tablespoon (18 g),9 Cal
Pancake Syrup,1 portion (20 g),47 Cal
Peanut Butter,1 tablespoon (10 g),60 Cal
Peanut Butter,1 tablespoon (10 g),60 Cal
"Peanut Butter, powdered",1 portion (12 g),46 Cal
Pesto,1 portion (60 g),318 Cal
Pizza Sauce,1 portion (63 g),30 Cal
Plum Sauce,1 tablespoon (20 ml),76 Cal
Poppyseed Dressing,1 tablespoon (15 g),19 Cal
Ranch Dressing,1 portion (30 g),32 Cal
Raspberry Jam,1 tablespoon (20 g),250 Cal
Red Wine Vinegar,1 tablespoon (15 ml),3 Cal
Salad Cream,1 portion (30 g),83 Cal
Salsa Sauce,1 portion (30 g),25 Cal
Salsa Verde,1 portion (30 g),68 Cal
Salsa con Queso,1 portion (30 g),3 Cal
Sesame Ginger Dressing,1 portion (30 g),133 Cal
Soy Sauce,1 tablespoon (15 ml),18 Cal
Steak Sauce,1 portion (34 g),55 Cal
Strawberry Jam,1 tablespoon (16 g),45 Cal
Sunflower Seed Butter,1 tablespoon (15 ml),93 Cal
Sweet Chilli Sauce,1 portion (15 g),25 Cal
Sweet and Sour Sauce,1 portion (25 ml),51 Cal
Tabasco,1 teaspoon (5 g),2 Cal
Tahini,1 portion (15 g),90 Cal
Tartar Sauce,1 tablespoon (15 g),70 Cal
Teriyaki Sauce,1 tablespoon (10 g),10 Cal
Tomato Paste,1 tablespoon (20 g),9 Cal
Tomato Puree,1 portion (150 ml),34 Cal
Tomato Sauce,1 portion (150 ml),95 Cal
Tzatziki,1 tablespoon (15 g),8 Cal
Vegemite,1 teaspoon (5 g),9 Cal
Vinaigrette,1 tablespoon (15 ml),55 Cal
White Sauce,1 portion (250 ml),176 Cal
Worcestershire Sauce,1 tablespoon (17.2 g),13 Cal
"Arugula, Rocket, Rucola",1 portion (25 g),7 Cal
Bacon Ranch Salad,1 portion (319 g),389 Cal
Caesar Salad,"1 portion, small (100 g)",187 Cal
Coleslaw,1 portion (120 g),63 Cal
Corn Salad,1 portion (300 g),228 Cal
Endive Salad,1 portion (25 g),5 Cal
Garden Salad,1 portion (0 g),19 Cal
Greek Salad,1 portion (100 g),72 Cal
Grilled Chicken Salad,1 portion (100 g),180 Cal
"Iceberg Lettuce, Iceberg Salad",1 portion (200 g),30 Cal
Kalette,1 portion (84 g),45 Cal
Lamb's Lettuce,1 portion (200 g),37 Cal
"Lettuce, Green Lettuce",1 portion (200 g),28 Cal
Mixed Greens Salad,1 portion (200 g),28 Cal
Red Lettuce,1 portion (125 g),31 Cal
Romaine Lettuce,1 portion (125 g),23 Cal
Side Salad,1 portion (250 g),95 Cal
Spring Mix Salad,1 portion (89 g),21 Cal
Vegetable Salad,1 portion (100 g),14 Cal
Basmati Rice,"1 portion, small (50 g)",176 Cal
Black Rice,1 portion (125 g),453 Cal
Brown Rice,1 cup (120 g),440 Cal
"Brown Rice, cooked",1 cup (170 g),250 Cal
Fried Rice,1 portion (150 g),188 Cal
Idly Rice,"1 portion, small (38 g)",49 Cal
Jasmine Rice,1 cup (200 g),356 Cal
Puffed Rice,1 portion (42 g),163 Cal
Rice Bran,1 tablespoon (10 g),402 Cal
Rice Cake,1 slice (9 g),35 Cal
Rice Crackers,1 piece (10 g),39 Cal
Rice Crisps,1 portion (30 g),115 Cal
"Rice Noodles, cooked","1 portion, large (240 g)",257 Cal
Shirataki Rice,1 portion (112 g),10 Cal
Spanish Rice,1 portion (250 g),463 Cal
White Rice,"1 portion, small (70 g)",245 Cal
"White Rice, cooked",1 portion (120 g),156 Cal
"White Rice, steamed",1 portion (120 g),181 Cal
"Wild Rice, cooked",1 portion (120 g),164 Cal
Chicken,1/2 piece (460 g),764 Cal
Chicken Biryani,1 portion (284 g),719 Cal
Chicken Breast,1 piece (150 g),151 Cal
"Chicken Breast, cooked",1 portion (180 g),178 Cal
"Chicken Breast, fried",1 portion (180 g),189 Cal
"Chicken Breast, grilled",1 portion (180 g),193 Cal
"Chicken Breast, roasted, baked",1 portion (180 g),230 Cal
"Chicken Breast, skinless",1 portion (230 g),231 Cal
Chicken Drumstick,1 piece (94.7 g),141 Cal
Chicken Giblets,1 piece (115 g),263 Cal
Chicken Heart,1 portion (250 g),118 Cal
Chicken Liver,1 piece (44 g),60 Cal
Chicken Liver Pate,1 slice (28.35 g),57 Cal
Chicken Nuggets,1 piece (20 g),50 Cal
Chicken Patty,1 piece (60 g),174 Cal
Chicken Sausage,1 piece (75 g),149 Cal
Chicken Strips,1 piece (50 g),136 Cal
Chicken Tenders,1 portion (184 g),499 Cal
Chicken Thigh,1 portion (193 g),335 Cal
"Chicken Thigh, cooked","1 portion, chopped (135 g)",190 Cal
"Chicken Thigh, grilled, roasted",1 portion (140 g),230 Cal
"Chicken Thigh, skinless",1 piece (80 g),140 Cal
Chicken Wings,1 piece (58 g),111 Cal
"Chicken, baked",1 portion (175 g),204 Cal
"Chicken, boiled",1 portion (150 g),177 Cal
"Chicken, grilled",1 portion (196 g),296 Cal
Cornish Hens,1 piece (336 g),672 Cal
Deviled Eggs,1 piece (30 g),59 Cal
Goose Meat,"1 portion, small (85 g)",137 Cal
Ground Turkey,1 portion (82 g),166 Cal
Orange Chicken,1 piece (134 g),351 Cal
Ostrich Meat,1 portion (85 g),99 Cal
Quail,1 piece (109 g),120 Cal
Rotisserie Chicken,1 slice (85 g),160 Cal
Tandoori Chicken,"1 portion, small (85 g)",210 Cal
Turkey,1 portion (125 g),197 Cal
Turkey Bacon,1 portion (14 g),32 Cal
Turkey Breast,1 portion (230 g),242 Cal
"Turkey Breast, roasted",1 portion (112 g),165 Cal
"Turkey Breast, sliced",1 slice (26 g),27 Cal
Turkey Cutlet,1 portion (112 g),294 Cal
Turkey Drumsticks,1 piece (356 g),420 Cal
Turkey Egg,1 piece (79 g),135 Cal
Turkey Heart,1 portion (24 g),28 Cal
Turkey Legs,1 portion (105 g),151 Cal
Turkey Pastrami,1 slice (28.5 g),41 Cal
Turkey Sausage,1 piece (75 g),149 Cal
Turkey Steak,1 portion (125 g),132 Cal
Turkey Wings,1 portion (120 g),138 Cal
Baked Potato,1 piece (173 g),212 Cal
Croquettes,"1 piece, small (19 g)",34 Cal
Curly Fries,1 portion (85 g),150 Cal
French Fries,1 portion (120 g),374 Cal
Gnocchi,1 portion (200 g),326 Cal
Hash Browns,1 piece (50 g),86 Cal
Latkes,"1 piece, small (25 g)",49 Cal
Mashed Potato,1 portion (250 g),231 Cal
"Mashed Potato, with Milk and Butter",1 portion (250 g),184 Cal
Potato Pancake,1 piece (37 g),99 Cal
Potato Salad,1 portion (400 g),418 Cal
"Potato Salad, with Egg",1 portion (120 g),300 Cal
Potato Waffles,"1 piece, small (10 g)",19 Cal
Potato Wedges,1 portion (100 g),162 Cal
"Potato, baked, Baked Potato with Sour Cream","1 piece, small (260 g)",338 Cal
"Potato, boiled",1 portion (200 g),177 Cal
"Potato, fried",1 portion (200 g),208 Cal
"Potatoes au Gratin, Potato Gratin, Scalloped Potatoes","1 portion, small (100 g)",113 Cal
Red Potato,"1 piece, large (360 g)",252 Cal
Roast Potato,1 portion (200 g),304 Cal
Rosemary Potato,1 portion (120 g),194 Cal
Russet Potato,"1 piece, small (169 g)",140 Cal
Shoestring French Fries,1 piece (3 g),5 Cal
Sweet Potato,"1 portion, small (150 g)",174 Cal
Sweet Potato Fries,1 portion (150 g),243 Cal
"Sweet Potato, roasted",1 portion (340 g),381 Cal
White Potato,"1 piece, small (90 g)",62 Cal
Yam,"1 portion, small (170 g)",197 Cal
Bacon,1 slice (30 g),81 Cal
Baked Ham,"1 slice, small (21 g)",28 Cal
Cumberland Sausage,1 piece (75 g),244 Cal
Ground Pork,1 portion (200 g),557 Cal
Hog Maws,1 cup (140 g),250 Cal
Pork,1 portion (200 g),557 Cal
Pork Bacon,1 portion (75 g),607 Cal
Pork Belly,1 portion (250 g),493 Cal
Pork Chop,1 portion (85 g),113 Cal
Pork Country Style Ribs,1 piece (128 g),242 Cal
Pork Cutlet,1 piece (125 g),132 Cal
Pork Egg Roll,1 piece (64 g),178 Cal
Pork Leg,1 portion (250 g),447 Cal
Pork Liver,1 slice (28 g),36 Cal
Pork Loin,1 portion (113 g),120 Cal
Pork Roast,1 portion (250 g),741 Cal
Pork Roll,1 slice (75 g),79 Cal
Pork Sausage,1 slice (50 g),146 Cal
Pork Shoulder,1 piece (250 g),546 Cal
Pork Skin,1 portion (50 g),311 Cal
Pork Spare Ribs,1 portion (112 g),310 Cal
Pork Steak,1 piece (90 g),95 Cal
Pork Tamale,1 piece (142 g),247 Cal
Pork Tongue,1 piece (120 g),192 Cal
Salt Pork,1 slice (28 g),52 Cal
Sausage Patty,1 piece (25 g),72 Cal
Slice of Ham,1 slice (16.2 g),16 Cal
Smoked Sausage,1 piece (68 g),210 Cal
"Spare Ribs, Pork Ribs",1 portion (240 g),768 Cal
BBQ Chicken Pizza,1 portion (400 g),948 Cal
Bianca Pizza,1 portion (400 g),880 Cal
Buffalo Chicken Pizza,1 portion (400 g),844 Cal
Calzone,1 portion (400 g),908 Cal
Capricciosa Pizza,1 portion (400 g),675 Cal
Cheese Pizza,1 portion (400 g),1212 Cal
Chicken Pizza,1 portion (400 g),972 Cal
Deep Dish Pizza,1 portion (400 g),1060 Cal
"Four Cheese Pizza, Quattro Formaggi",1 portion (400 g),1188 Cal
Margherita Pizza,1 portion (400 g),958 Cal
Mozzarella Pizza,1 portion (400 g),887 Cal
Mushroom Pizza,1 portion (400 g),806 Cal
Napoli Pizza,1 portion (400 g),934 Cal
New York Style Pizza,1 portion (400 g),948 Cal
Pepperoni Pizza,1 portion (400 g),954 Cal
Pizza Dough,1 portion (400 g),1227 Cal
"Pizza, homemade",1 portion (400 g),1096 Cal
Salami Pizza,1 portion (400 g),954 Cal
Sausage Pizza,1 portion (400 g),753 Cal
Seafood Pizza,1 portion (400 g),757 Cal
Sicilian Pizza,1 portion (400 g),732 Cal
Spinach Pizza,1 portion (400 g),732 Cal
Stuffed Crust Pizza,1 portion (400 g),1096 Cal
Supreme Pizza (Pizza Hut),1 portion (400 g),972 Cal
Thin Crust Pizza,1 portion (400 g),1092 Cal
Tuna Pizza,1 portion (400 g),908 Cal
"Vegetable Pizza, Veggie Pizza, Vegetarian Pizza",1 portion (400 g),616 Cal
White Pizza,1 portion (400 g),1224 Cal
Capellini,"1 cup, small (38 g)",129 Cal
Cellophane Noodles,1 portion (100 g),351 Cal
Chinese Noodles,"1 portion, small (50 g)",176 Cal
Egg Noodles,"1 portion, small (25 g)",96 Cal
"Egg Noodles, cooked","1 portion, small (50 g)",69 Cal
Farfalle,1 portion (80 g),287 Cal
Fettuccine,1 portion (80 g),287 Cal
Fusilli,1 portion (80 g),283 Cal
Glass Noodles,1 portion (50 g),170 Cal
"Lasagna, homemade",1 piece (232 g),580 Cal
Lasagne Sheets,1 piece (17 g),61 Cal
Linguine,1 portion (80 g),287 Cal
Macaroni,1 portion (80 g),287 Cal
"Macaroni, cooked",1 portion (150 g),192 Cal
Mostaccioli,1 portion (56 g),86 Cal
Orzo,1 portion (150 g),543 Cal
Pasta,1 portion (75 g),273 Cal
"Pasta, cooked","1 portion, small (150 g)",212 Cal
Penne Pasta,"1 portion, small (75 g)",269 Cal
Pierogi,1 portion (150 g),250 Cal
Ravioli,1 portion (400 g),966 Cal
Rigatoni,"1 portion, small (75 g)",265 Cal
Rotini,1 portion (80 g),297 Cal
Shirataki Noodles,1 portion (112 g),10 Cal
Spaghetti,"1 portion, small (75 g)",265 Cal
"Spaghetti, Whole Grain",1 piece (75 g),253 Cal
"Spaghetti, cooked","1 portion, small (150 g)",196 Cal
SpÃ¤tzle,"1 portion, small (75 g)",163 Cal
Tagliatelle,1 portion (70 g),242 Cal
Tortellini,1 portion (250 g),683 Cal
"Tortellini, with Cheese",1 portion (80 g),314 Cal
Vermicelli,1 portion (140 g),463 Cal
Whole Grain Noodles,1 portion (75 g),256 Cal
Ziti,1 portion (60 g),86 Cal
Almond Oil,1 teaspoon (5 g),45 Cal
Avocado Oil,1 teaspoon (4.5 g),899 Cal
Bacon Grease,1 teaspoon (5 g),45 Cal
Beef Tallow,1 tablespoon (12.8 g),902 Cal
Butter,1 tablespoon (10 g),75 Cal
Canola Oil,"1 tablespoon, small (10 ml)",82 Cal
Chicken Fat,1 tablespoon (12.8 g),900 Cal
Coconut Oil,1 tablespoon (15 ml),134 Cal
Cod Liver Oil,1 tablespoon (15 ml),135 Cal
Cottonseed Oil,1 teaspoon (4.5 g),884 Cal
Duck Fat,1 tablespoon (10 g),93 Cal
Extra Virgin Olive Oil,1 tablespoon (15 ml),135 Cal
Flaxseed Oil,1 tablespoon (15 ml),135 Cal
Flora Light,1 portion (10 g),27 Cal
Grapeseed Oil,1 tablespoon (10 ml),90 Cal
Lard,1 tablespoon (15 g),134 Cal
Margarine,1 tablespoon (10 g),72 Cal
Mustard Oil,1 tablespoon (15 g),133 Cal
Olive Oil,1 tablespoon (15 ml),135 Cal
Palm Oil,1 tablespoon (15 ml),135 Cal
Peanut Oil,1 tablespoon (15 ml),135 Cal
Pumpkin Seed Oil,1 tablespoon (15 ml),135 Cal
"Rape Seed Oil, Vegetable Oil",1 tablespoon (15 ml),135 Cal
Safflower Oil,1 tablespoon (10 g),884 Cal
Salted Butter,1 portion (10 g),70 Cal
Sesame Oil,1 tablespoon (15 ml),135 Cal
Shortening,1 portion (10 g),88 Cal
Soy Oil,1 tablespoon (15 ml),135 Cal
Sunflower Butter,1 portion (10 g),72 Cal
Sunflower Oil,1 tablespoon (15 ml),135 Cal
Unsalted Butter,1 portion (10 g),75 Cal
Vegetable Shortening,1 tablespoon (12 g),106 Cal
Walnut oil,1 tablespoon (15 ml),135 Cal
Wheat Germ Oil,1 portion (20 ml),180 Cal
Acorn,1 portion (30 g),116 Cal
Almond,1 piece (1 g),6 Cal
Almond Butter,1 tablespoon (10 g),65 Cal
Beechnut,1 portion (28.35 g),163 Cal
Black Sesame,1 portion (25 g),153 Cal
Brazil Nut,1 piece (5 g),35 Cal
Buckwheat Groats,1 cup (170 g),566 Cal
Cashew,1 portion (30 g),181 Cal
Cashew Butter,1 tablespoon (10 g),62 Cal
Chia Seeds,1 portion (10 g),46 Cal
Coconut Meat,1 portion (397 g),1405 Cal
Coriander Seeds,"1 portion, large (100 g)",298 Cal
Cotton Seeds,1 teaspoon (10 g),506 Cal
Fennel Seeds,1 portion (3 g),11 Cal
Fenugreek Seeds,1 portion (11 g),36 Cal
Flax Seeds,1 portion (20 g),99 Cal
Ginkgo Nut,1 portion (30 g),55 Cal
Hazelnut,1 portion (30 g),202 Cal
Hickory Nut,1 portion (30 g),105 Cal
Lotus Seeds,1 portion (30 g),27 Cal
Macadamia Nut,1 portion (30 g),219 Cal
Mixed Nuts,1 portion (30 g),152 Cal
Moringa,1 portion (30 g),165 Cal
Peanut,1 portion (30 g),182 Cal
Peanut Butter,1 tablespoon (10 g),60 Cal
Pecan Nut,1 portion (30 g),219 Cal
Pili Nut,1 portion (28 g),110 Cal
Pine Nut,1 portion (15 g),89 Cal
Pistachios,1 portion (30 g),185 Cal
Poppy Seeds,1 portion (20 g),107 Cal
Pumpkin Seeds,1 portion (25 g),147 Cal
Sesame Seeds,1 portion (20 g),120 Cal
Soy Nut,1 portion (25 g),67 Cal
Spanish Peanut,1 portion (28.35 g),162 Cal
Sunbutter,1 portion (32 g),197 Cal
Sunflower Seeds,1 portion (25 g),148 Cal
Tigernut,1 portion (30 g),150 Cal
Trail Mix,1 portion (30 g),156 Cal
Walnut,1 portion (30 g),220 Cal
Water Chestnut,1 portion (70 g),45 Cal
Breaded Mushroom,1 portion (82 g),80 Cal
Champignons,1 portion (150 g),37 Cal
Chanterelle Mushroom,1 piece (5.4 g),2 Cal
Crimini Mushroom,"1 cup, small (38 g)",11 Cal
Enoki Mushrooms,1 cup (95 g),42 Cal
Maitake Mushroom,1 piece (1.1 g),0 Cal
Morel Mushroom,1 portion (125 g),36 Cal
Mushrooms,1 portion (150 g),37 Cal
"Mushrooms, cooked",1 portion (150 g),39 Cal
Porcini Mushroom,1 portion (120 g),47 Cal
"Porcini Mushroom, dried",1 portion (12 g),33 Cal
Shiitake Mushroom,1 piece (10 g),5 Cal
Truffles,1 piece (15 g),14 Cal
White Button Mushroom,1 piece (16.8 g),5 Cal
Actimel (Danone),1 bottle (100 g),73 Cal
Almond Milk,1 glass (200 ml),44 Cal
Butter,1 tablespoon (10 g),75 Cal
Buttermilk,1 glass (200 ml),73 Cal
Chocolate Milk,1 glass (200 ml),264 Cal
Coconut Milk,1 glass (200 ml),460 Cal
Coffee Creamer,"1 portion, small (10 ml)",21 Cal
Condensed Milk,1 package (7.5 ml),10 Cal
"Condensed Milk, sweetened",1 portion (7.3 ml),23 Cal
Creme Fraiche,1 tablespoon (15 g),42 Cal
Goat Milk,1 glass (200 ml),134 Cal
Greek Yogurt,1 package (150 g),174 Cal
Half and Half Cream,1 tablespoon (15 g),131 Cal
"Heavy Cream, Heavy Whipping Cream",1 portion (15 g),51 Cal
Hot Chocolate,"1 cup, small (150 ml)",198 Cal
Kefir,1 glass (200 ml),130 Cal
Lactose Free Milk,1 glass (200 ml),77 Cal
Lassi,1 glass (200 ml),130 Cal
Malted Milk,1 cup (250 ml),145 Cal
Mango Lassi,1 cup (250 g),204 Cal
Mascarpone,1 package (250 g),982 Cal
"Milk, 1.5% fat, low-fat",1 glass (200 ml),96 Cal
"Milk, 2% fat, low fat",1 glass (200 ml),100 Cal
"Milk, Whole Milk, Full Fat Milk",1 glass (200 ml),130 Cal
"Milk, fat free",1 glass (200 ml),68 Cal
"Milkshake, Strawberry",1 portion (255 g),421 Cal
"Milkshake, Vanilla",1 portion (255 g),199 Cal
"Natural Yoghurt, plain",1 portion (150 g),104 Cal
"Powdered Milk, Milk Powder",1 tablespoon (6.5 g),31 Cal
Rice Milk,1 cup (240 ml),126 Cal
Semi Skimmed Milk,1 glass (200 ml),93 Cal
Sheep Milk,1 glass (200 ml),188 Cal
Skim Milk,1 glass (200 ml),69 Cal
Soy Milk,1 cup (240 ml),87 Cal
"Whipped Cream, Whipping Cream",1 tablespoon (15 ml),46 Cal
Yakult,1 bottle (80 ml),54 Cal
"Yougurt, plain",1 portion (200 g),138 Cal
Alligator,1 piece (113 g),110 Cal
Beef,1 portion (170 g),265 Cal
Beef Bologna,"1 portion, sliced (30 g)",90 Cal
"Beef Fillet, Beef Tenderloin",1 piece (150 g),181 Cal
Beef Heart,1 portion (80 g),84 Cal
Beef Jerky,1 piece (20 g),54 Cal
Beef Kidney,1 portion (30 g),14 Cal
Beef Liver,1 portion (113 g),148 Cal
Beef Patty,1 piece (85 g),251 Cal
Beef Stew,1 portion (125 g),314 Cal
Beef Tongue,1 portion (30 g),66 Cal
Beef Tripe,1 portion (30 g),26 Cal
Bison Meat,1 portion (85 g),124 Cal
Brawn,1 portion (125 g),175 Cal
Buffalo,1 portion (85 g),84 Cal
Buffalo Wings,1 portion (50 g),156 Cal
Caribou,"1 portion, small (28 g)",46 Cal
Chicken,1/2 piece (460 g),764 Cal
Chicken Breast,1 piece (150 g),151 Cal
Chicken Breast Fillet,1 piece (112 g),132 Cal
"Chicken Breast, fried",1 portion (180 g),189 Cal
"Chicken Breast, grilled",1 portion (180 g),193 Cal
Chicken Drumstick,1 piece (94.7 g),141 Cal
Chicken Liver,1 piece (44 g),60 Cal
Chicken Thigh,1 portion (193 g),335 Cal
"Chicken Thigh, cooked","1 portion, chopped (135 g)",190 Cal
"Chicken Thigh, grilled, roasted",1 portion (140 g),230 Cal
Chicken Wings,1 piece (58 g),111 Cal
Corned Beef,1 slice (25 g),35 Cal
Cubed Steak,1 portion (112 g),220 Cal
Duck,1 portion (120 g),273 Cal
Duck Breast,1 portion (120 g),251 Cal
Duck Liver,1 piece (44 g),57 Cal
Filet Mignon,1 portion (150 g),147 Cal
Flank Steak,1 portion (120 g),198 Cal
Goose,1 portion (250 g),855 Cal
Ground Beef,1 portion (113 g),235 Cal
Hot Wings,1 piece (35 g),88 Cal
Lamb,"1 portion, small (110 g)",128 Cal
Lamb Chops,1 portion (115 g),343 Cal
Meatball,3 piece (56 g),120 Cal
Moose,1 portion (90 g),92 Cal
Mutton,"1 slice, small (86 g)",157 Cal
New York Strip Steak,"1 portion, small (112 g)",230 Cal
Peking Duck,1 portion (85 g),83 Cal
Philly Cheese Steak,1 portion (113 g),240 Cal
Pigeon,1 portion (85 g),250 Cal
Pork,1 portion (200 g),557 Cal
Pork Belly,1 portion (250 g),493 Cal
Pork Chop,1 portion (85 g),113 Cal
Pork Liver,1 slice (28 g),36 Cal
Pork Loin,1 portion (113 g),120 Cal
Pork Roast,1 portion (250 g),741 Cal
Pork Shoulder,1 piece (250 g),546 Cal
Pork Skin,1 portion (50 g),311 Cal
Pork Steak,1 piece (90 g),95 Cal
Rabbit,1 portion (150 g),228 Cal
Racoon,1 portion (85 g),217 Cal
Rhea,1 portion (125 g),218 Cal
Rib Eye Steak,1 portion (150 g),362 Cal
Roast Beef,1 portion (125 g),162 Cal
Rotisserie Chicken,1 slice (85 g),160 Cal
Round Steak,1 portion (125 g),201 Cal
Rump Steak,1 portion (125 g),268 Cal
Sausage Patty,1 piece (25 g),72 Cal
Sirloin Steak,1 piece (107 g),195 Cal
Skirt Steak,1 portion (125 g),151 Cal
Spam,1 slice (56 g),267 Cal
"Spare Ribs, Pork Ribs",1 portion (240 g),768 Cal
Squirrel,1 portion (85 g),102 Cal
Steak Sandwich,1 piece (130 g),424 Cal
Turkey,1 portion (125 g),197 Cal
Venison,1 portion (300 g),324 Cal
