Food Item,Portion,Fat(g),Carbs(g),Protein(g),Calories
Baked Beans,100 g,5.15,21.39,5.54,151
Vegetarian Baked Beans,100 g,0.37,21.14,4.75,94
Baked Beans with Pork (Canned),100 g,1.55,19.98,5.19,106
Green Snap Beans,100 g,0.12,7.13,1.82,31
Baked Beans,100 g,5.15,21.39,5.54,151
Black Beans (Canned),100 g,0.29,16.56,6.03,91
Black Beans (Canned),100 g,0.29,16.56,6.03,91
"Black Beans (Mature Seeds, with Salt, Cooked, Boiled)",100 g,0.54,23.71,8.86,132
Black Turtle Soup Beans,100 g,0.90,63.25,21.25,339
"Chickpeas (Mature Seeds, Canned)",100 g,1.14,22.62,4.95,119
Cooked Dry Chickpeas,100 g,10.70,27.55,8.77,236
Chickpeas,100 g,2.99,29.98,9.54,180
Green Snap Beans,100 g,0.12,7.13,1.82,31
Green Snap Beans (Frozen),100 g,0.21,7.58,1.80,33
Green String Beans,100 g,0.12,7.13,1.82,31
Kidney Beans (Canned),100 g,0.60,14.50,5.22,82
Red Kidney Beans (Canned),100 g,0.34,15.59,5.25,85
"Kidney Beans (without Salt, Cooked, Boiled)",100 g,0.50,22.80,8.67,127
Cooked Lentils,100 g,6.76,18.73,8.39,165
Lentils,100 g,1.06,60.08,25.80,353
Lentils (Sprouted),100 g,0.55,22.14,8.96,106
Large Lima Beans (Mature Seeds),100 g,0.69,63.38,21.46,338
Baby Lima Beans (Mature Seeds),100 g,0.93,62.83,20.62,335
"Large Lima Beans (Mature Seeds, Canned)",100 g,0.17,14.91,4.93,79
"Pinto Beans (Mature Seeds, Canned)",100 g,0.81,15.25,4.86,86
"Cooked Pinto, Calico or Red Beans",100 g,8.34,19.05,6.52,176
"Pinto Beans (Mature Seeds, Sprouted)",100 g,0.90,11.60,5.25,62
Quinoa (Cooked),100 g,2.22,26.35,5.01,143
Quinoa,100 g,5.80,68.90,13.10,374
Firm Silken Tofu,100 g,2.70,2.40,6.90,62
Soft Silken Tofu,100 g,2.70,2.90,4.80,55
Fried Tofu,100 g,20.18,10.49,17.19,271
Bagel,100 g,1.62,50.50,10.02,257
Wheat Bagel,100 g,1.40,58.41,10.41,286
Multigrain Bagel,100 g,1.28,52.46,11.28,259
Whole Wheat Bread,100 g,4.11,47.14,9.13,259
White Bread,100 g,3.29,50.61,7.64,266
Multigrain Bread,100 g,3.80,46.40,10.00,251
Plain Bread Sticks,100 g,9.50,68.40,12.00,412
Hard Bread Sticks,100 g,9.50,68.40,12.00,412
Soft Bread Stick,100 g,8.64,57.78,9.84,352
Hamburger or Hotdog Rolls,100 g,4.33,49.45,9.50,279
Sweet Cinnamon Bun,100 g,16.40,50.90,6.20,372
Frosted Sweet Cinnamon Bun,100 g,15.23,56.62,5.01,378
Cereal,100 g,3.38,83.02,7.24,376
Corn Flakes,100 g,0.10,86.70,6.70,360
Bran Flakes,100 g,2.20,80.40,9.40,320
Croissant,100 g,21.00,45.80,8.20,406
Butter Croissants,100 g,21.00,45.80,8.20,406
Apple Croissants,100 g,8.70,37.10,7.40,254
English Muffin,100 g,1.69,44.17,8.87,227
Multigrain English Muffin,100 g,1.80,46.30,9.10,235
Wheat English Muffins,100 g,2.00,44.80,8.70,223
Roti,100 g,1.30,55.81,9.61,264
Indian Flatbread Naan,100 g,11.59,42.72,8.49,311
Italian Flatbread Focaccia,100 g,10.70,47.34,7.74,320
Italian Flatbread Focaccia,100 g,10.70,47.34,7.74,320
Soft Bread Stick with Garlic and Parmesan Cheese,100 g,17.50,51.23,10.24,406
Garlic Bread,100 g,12.78,45.62,7.75,330
Toasted Garlic Bread,100 g,14.04,50.13,8.52,363
Soft Bread Stick with Garlic and Parmesan Cheese,100 g,17.50,51.23,10.24,406
Granola,100 g,11.03,72.39,9.22,408
Granola Cereal,100 g,24.36,52.95,14.87,490
Multigrain Bread,100 g,3.80,46.40,10.00,251
Toasted Multigrain Bread,100 g,4.10,50.40,10.90,272
Multigrain Bread with Raisins,100 g,2.76,50.29,8.27,250
Indian Flatbread Naan,100 g,11.59,42.72,8.49,311
Oatmeal,100 g,1.02,10.84,2.59,62
Instant Oatmeal,100 g,1.20,18.22,2.46,91
Quick Oatmeal (1 or 3 Minutes),100 g,1.02,10.84,2.59,62
Oats,100 g,6.90,66.27,16.89,389
"Oats Cereal (Instant, Dry, Fortified)",100 g,6.10,64.00,15.50,369
"Oats Cereal with Cinnamon and Spice (Instant, Dry, Fortified)",100 g,4.67,76.97,8.59,370
Pita Bread,100 g,1.20,55.70,9.10,275
White Pita Bread,100 g,1.20,55.70,9.10,275
Wheat Pita Bread,100 g,1.43,55.80,10.47,273
Potato Bread,100 g,3.29,50.61,7.64,266
Toasted Potato Bread,100 g,3.62,55.62,8.40,292
Sweetpotato Bread,100 g,6.10,49.93,7.87,288
Raisin Bread,100 g,4.40,52.30,7.90,274
Toasted Raisin Bread,100 g,4.80,56.90,8.60,297
Raisin Bread (Enriched),100 g,4.40,52.30,7.90,274
Dinner Rolls,100 g,7.30,50.40,8.40,300
Soft White Roll,100 g,4.33,49.45,9.50,279
Whole Wheat Dinner Rolls,100 g,4.70,51.10,8.70,266
Rye Bread (Reduced Calorie),100 g,2.90,40.50,9.10,203
Marble Rye and Pumpernickel Bread,100 g,3.20,47.90,8.60,254
Reduced Calorie High Fibre Rye Bread,100 g,2.90,40.50,9.10,203
Scone,100 g,14.81,45.47,9.11,353
Scone with Fruit,100 g,13.34,50.14,8.51,352
Whole Wheat Scone,100 g,15.53,42.74,10.81,339
Sour Dough Bread,100 g,3.00,51.90,8.80,274
Sour Dough Roll,100 g,3.00,51.90,8.80,274
Toasted Sour Dough Bread,100 g,3.30,56.40,9.60,298
Toasted White Bread,100 g,4.00,54.40,9.00,293
Toasted Rye Bread,100 g,3.60,53.10,9.40,284
Toasted Multigrain Bread,100 g,4.10,50.40,10.90,272
Tortilla,100 g,5.30,48.00,7.00,265
Whole Wheat Tortilla,100 g,1.30,55.82,9.61,263
Corn Tortillas,100 g,2.85,44.64,5.70,218
Whole Wheat Bread,100 g,4.11,47.14,9.13,259
100% Whole Wheat Bread,100 g,4.20,46.10,9.70,246
Wheat Bread (Reduced Calorie),100 g,2.30,43.60,9.10,198
White Bread,100 g,3.29,50.61,7.64,266
Toasted White Bread,100 g,4.00,54.40,9.00,293
White with Whole Wheat Swirl Bread,100 g,3.74,48.36,8.67,256
Whole Wheat Bread,100 g,4.11,47.14,9.13,259
100% Whole Wheat Bread,100 g,4.20,46.10,9.70,246
100% Whole Wheat Bread with Raisins,100 g,3.77,49.90,8.94,252
Whole Wheat Tortilla,100 g,1.30,55.82,9.61,263
Wrap Filled with Vegetables,100 g,6.60,22.74,4.54,168
"Meat, Poultry or Fish, Vegetables Sandwich Wrap",100 g,9.18,23.29,12.35,228
Blue Cheese,100 g,28.74,2.34,21.40,353
Blue or Roquefort Cheese,100 g,28.74,2.34,21.40,353
Gorgonzola Cheese,100 g,28.74,2.34,21.40,353
Brie Cheese,100 g,27.68,0.45,20.75,334
Butter,100 g,81.11,0.06,0.85,717
Butter (Salted),100 g,81.11,0.06,0.85,717
Unsalted Butter Stick,100 g,81.11,0.06,0.85,717
"Buttermilk (Lowfat, Cultured)",100 g,0.88,4.79,3.31,40
"Buttermilk (Reduced Fat, Cultured)",100 g,2.00,5.30,4.10,56
Dry Buttermilk (Reconstituted),100 g,0.57,4.80,3.36,38
Camembert Cheese,100 g,24.26,0.46,19.80,300
Cheddar Cheese,100 g,33.14,1.28,24.90,403
Lowfat Cheddar or Colby Cheese,100 g,7.00,1.91,24.35,173
Nonfat or Fat Free Cheddar Cheese,100 g,0.80,13.40,22.50,148
Cheddar Cheese,100 g,33.14,1.28,24.90,403
Colby Jack Cheese,100 g,31.20,1.62,24.12,384
American Cheese,100 g,26.05,6.94,18.94,337
Colby Cheese,100 g,32.11,2.57,23.76,394
Colby Jack Cheese,100 g,31.20,1.62,24.12,384
Cheddar or Colby Cheese (Lowfat),100 g,7.00,1.91,24.35,173
Cottage Cheese,100 g,4.51,2.68,12.49,103
Cottage Cheese (Lowfat 1% Milkfat),100 g,1.02,2.72,12.39,72
Cottage Cheese (Lowfat 2% Milkfat),100 g,1.93,3.63,13.74,90
Light Cream,100 g,19.31,3.66,2.70,195
Heavy Cream,100 g,37.00,2.79,2.05,345
Coffee or Table Cream (Light),100 g,19.31,3.66,2.70,195
Cream Cheese,100 g,34.87,2.66,7.55,349
Light or Lite Cream Cheese,100 g,17.60,7.00,10.60,231
Nonfat or Fat Free Processed Cream Cheese,100 g,1.36,5.80,14.41,96
Feta Cheese,100 g,21.28,4.09,14.21,264
Feta Cheese Dressing,100 g,59.25,2.17,4.15,552
Goat Cheese,100 g,28.85,1.87,23.52,361
Goats Cheese (Soft),100 g,21.08,0.89,18.52,268
Goats Cheese (Semisoft),100 g,29.84,2.54,21.58,364
Gorgonzola Cheese,100 g,28.74,2.34,21.40,353
Gouda Cheese,100 g,27.44,2.22,24.94,356
Gouda or Edam Cheese,100 g,27.69,1.67,24.98,357
Havarti Cheese,100 g,29.68,2.79,23.24,371
Margarine,100 g,59.17,-,0.60,526
"Margarine (Regular, 80% Fat with Salt, Tub)",100 g,80.40,0.60,0.80,716
"Margarine (Fat Free, Tub)",100 g,3.04,4.34,0.10,44
Milk,100 g,2.00,4.71,3.29,50
Whole Milk,100 g,3.25,4.52,3.22,60
1% Fat Milk,100 g,0.97,4.99,3.37,42
Mozzarella Cheese,100 g,20.03,3.83,25.96,302
Part Skim Mozzarella Cheese,100 g,20.03,3.83,25.96,302
Whole Milk Mozzarella Cheese,100 g,22.35,2.19,22.17,300
Muenster Cheese,100 g,30.04,1.12,23.41,368
Muenster Cheese (Low Fat),100 g,17.60,3.50,24.70,274
Lowfat Muenster Cheese,100 g,17.60,3.50,24.70,274
Parmesan Cheese (Shredded),100 g,27.34,3.41,37.86,415
Parmesan Cheese (Grated),100 g,28.61,4.06,38.46,431
Dry Grated Parmesan Cheese,100 g,28.61,4.06,38.46,431
Provolone Cheese,100 g,26.62,2.14,25.58,351
Ricotta Cheese (Part Skim Milk),100 g,7.91,5.14,11.39,138
Ricotta Cheese (Whole Milk),100 g,12.98,3.04,11.26,174
Ricotta Cheese,100 g,10.44,4.09,11.32,156
Grated Romano Cheese,100 g,28.61,4.06,38.46,431
Romano Cheese,100 g,26.94,3.63,31.80,387
Milk (Nonfat),100 g,0.18,4.85,3.41,35
1% Fat Milk,100 g,0.97,4.99,3.37,42
2% Fat Milk (Semi-Skimmed Milk),100 g,1.97,4.68,3.30,50
Sour Cream,100 g,20.96,4.27,3.16,214
Reduced Fat Sour Cream,100 g,14.10,7.00,7.00,181
Light Sour Cream,100 g,10.60,7.10,3.50,136
Part Skim Mozzarella Cheese,100 g,20.03,3.83,25.96,302
Swiss Cheese,100 g,27.80,5.38,26.93,380
Swiss Cheese (Low Fat),100 g,5.10,3.40,28.40,179
"Swiss Cheese (Low Fat, Pasteurised)",100 g,5.10,4.30,25.50,170
Plain Yoghurt,100 g,1.55,7.04,5.25,63
Lowfat Plain Yoghurt,100 g,1.55,7.04,5.25,63
Nonfat Plain Yoghurt,100 g,0.18,7.68,5.73,56
Beer,100 g,-,3.55,0.46,43
Light Beer,100 g,-,1.64,0.24,29
Table Wine,100 g,-,2.72,0.07,84
Apple Juice,100 g,0.11,11.68,0.06,47
"Apple Juice (Frozen Concentrate, Diluted with Water)",100 g,0.10,11.54,0.14,47
Beer,100 g,-,3.55,0.46,43
Light Beer,100 g,-,1.64,0.24,29
Regular Beer,100 g,-,3.55,0.46,43
Cappuccino,100 g,1.66,2.42,1.70,31
Nonfat Cappuccino,100 g,0.11,2.59,1.79,19
Reduced Fat Cappuccino,100 g,0.51,2.66,1.77,22
Chocolate Milk (Lowfat),100 g,1.00,10.44,3.24,63
Chocolate Milk (Reduced Fat),100 g,1.90,12.13,2.99,76
Chocolate Milk (Whole),100 g,3.39,10.34,3.17,83
Margarita,100 g,0.11,13.86,0.06,218
Martini,100 g,-,0.57,0.02,226
Mojito,100 g,0.02,11.08,0.06,96
Cocoa Powder (Unsweetened),100 g,13.70,54.30,19.60,229
Cocoa and Sugar Mixture (with Skim Milk),100 g,0.28,11.99,3.44,63
Hot Cocoa Milk,100 g,2.33,10.63,3.52,77
Coffee,100 g,0.02,0.04,0.12,1
Latte Coffee,100 g,1.35,3.03,2.16,33
Cranberry Juice,100 g,0.10,13.52,-,54
Cranberry Juice (Unsweetened),100 g,0.13,12.20,0.39,46
Cranberry-Apple Juice (Bottled),100 g,0.11,15.85,-,63
"Fruit Flavoured Drink (made From Powdered Mix, Mainly Sugar with High Vitamin C Added)",100 g,-,12.70,-,50
"Fruit Flavoured Drink (made From Sweetened Powdered Mix, Fortified with Vitamin C)",100 g,0.01,8.98,-,35
Energy Drink,100 g,0.08,10.94,0.25,45
Fruit Flavoured Sports Drink,100 g,0.10,6.76,-,27
Fruit Flavoured Sports Drink (Low Calorie),100 g,-,3.00,-,11
"Fruit Punch (Frozen Concentrate, with Water)",100 g,-,11.66,0.06,46
Fruit Punch (made with Fruit Juice and Soda),100 g,0.06,10.82,0.18,44
"Fruit Punch (with Added Nutrients, Canned)",100 g,-,11.97,-,47
Chocolate Ice Cream Soda,100 g,2.90,15.23,1.00,87
Ice Cream Soda (Flavors Other Than Chocolate),100 g,2.90,14.02,0.92,83
Iced Coffee with Cream and Sugar,100 g,0.80,5.17,0.21,28
Iced Coffee with Milk,100 g,0.08,0.47,0.18,4
Iced Tea,100 g,-,9.89,0.01,38
Unsweetened Iced Tea,100 g,-,0.28,0.01,1
Apple Juice,100 g,0.11,11.68,0.06,47
Orange Juice,100 g,0.20,10.40,0.70,45
Cranberry Juice,100 g,0.10,13.52,-,54
Latte Coffee,100 g,1.35,3.03,2.16,33
Nonfat Latte Coffee,100 g,0.18,3.10,2.22,23
Reduced Fat Latte Coffee,100 g,0.68,3.19,2.20,28
Lemonade,100 g,0.04,10.43,0.07,40
Limeade,100 g,-,18.11,-,72
Milk Shake,100 g,4.89,20.11,3.19,135
Chocolate Shake,100 g,3.70,20.50,3.40,127
Vanilla Shake,100 g,6.52,19.59,3.37,148
Orange Juice,100 g,0.20,10.40,0.70,45
Freshly Squeezed Orange Juice,100 g,0.20,10.40,0.70,45
"Orange Juice (Chilled, Includes From Concentrate)",100 g,0.27,10.06,0.80,44
Red Table Wine,100 g,-,2.61,0.07,85
Pinot Noir Wine,100 g,-,2.31,0.07,83
Zinfandel Wine,100 g,-,2.86,0.07,89
Fruit Smoothie (made with Fruit or Fruit Juice only),100 g,0.14,15.96,0.42,62
Fruit Smoothie Drink (with Fruit Juice and Dairy Products),100 g,1.60,20.37,1.69,98
Fruit Smoothie Drink,100 g,0.87,18.16,1.06,80
Soda,100 g,0.01,9.77,0.07,38
Diet Soda,100 g,0.02,0.24,0.11,1
Cola Soda (with Caffeine),100 g,0.02,9.56,0.07,37
Soy Milk,100 g,1.92,4.93,4.48,52
Chocolate Soy Milk,100 g,1.91,5.81,2.75,49
Soy Milk (Calcium Fortified),100 g,1.62,3.42,3.00,40
Mixed Vegetable Juice (Vegetables Other Than Tomato),100 g,0.24,6.07,1.49,29
Tomato Juice,100 g,0.05,4.24,0.76,17
Carrot Juice,100 g,0.15,9.29,0.95,40
Vodka,100 g,-,-,-,231
Vodka (90 Proof),100 g,-,-,-,231
Water,100 g,-,-,-,-
Water (Bottled),100 g,-,-,-,-
Carbonated Water Sweetened,100 g,-,8.80,-,34
White Table Wine,100 g,-,2.60,0.07,83
Sauvignon Blanc Wine,100 g,-,2.05,0.07,82
Riesling Wine,100 g,-,3.74,0.07,81
Table Wine,100 g,-,2.72,0.07,84
Red Table Wine,100 g,-,2.61,0.07,85
White Table Wine,100 g,-,2.60,0.07,83
Egg White,100 g,0.17,0.73,10.90,52
Egg Substitute (Liquid),100 g,3.31,0.64,12.00,84
Cooked Egg White,100 g,0.17,0.73,10.86,52
Egg Yolk,100 g,26.54,3.59,15.86,322
Cooked Egg Yolk,100 g,26.43,3.58,15.80,321
Egg Yolk (Dried),100 g,55.80,3.60,34.25,666
Egg,100 g,9.94,0.77,12.58,147
Egg White,100 g,0.17,0.73,10.90,52
Boiled Egg,100 g,10.57,1.12,12.53,154
Fried Egg without Fat,100 g,11.21,0.87,14.18,166
Fried Egg,100 g,15.31,0.88,13.63,201
Boiled Egg,100 g,10.57,1.12,12.53,154
Soft Boiled Egg,100 g,10.57,1.12,12.53,154
Hard-Boiled Egg,100 g,10.61,1.12,12.58,155
Egg Omelette,100 g,12.02,0.69,10.62,153
Egg Omelette or Scrambled Egg,100 g,11.52,1.86,10.98,158
Egg Omelette or Scrambled Egg with Cheese,100 g,13.83,2.97,12.20,187
Eggs Benedict,100 g,21.60,8.32,11.96,276
Poached Egg,100 g,9.90,0.76,12.53,147
"Scrambled Egg (Whole, Cooked)",100 g,12.21,2.20,11.09,166
Egg Omelette or Scrambled Egg,100 g,11.52,1.86,10.98,158
Egg Omelette or Scrambled Egg with Cheese,100 g,13.83,2.97,12.20,187
Hamburger (Single Patty with Condiments),100 g,9.22,32.31,11.62,257
Cheeseburger (Single Patty with Condiments),100 g,12.52,23.48,14.12,261
Veggie Burgers,100 g,6.30,14.27,15.70,177
Cheese Pizza,100 g,11.74,30.33,12.33,276
Cheese Pizza with Vegetables,100 g,8.52,29.46,8.89,230
Thin Crust Cheese Pizza,100 g,12.53,29.45,12.50,281
Cheeseburger,100 g,14.85,31.13,14.48,313
Cheeseburger with Tomato and/or Catsup on Bun,100 g,11.66,28.14,14.18,276
Cheeseburger with 1/4 Lb Meat on Bun,100 g,16.25,19.27,18.03,300
Chicken Nuggets,100 g,18.82,16.32,15.59,297
Lowfat Chicken Nuggets,100 g,6.33,13.79,19.29,195
"Breaded Chicken Patty, Fillet or Tenders",100 g,18.82,16.32,15.59,297
Curry Powder,100 g,13.81,58.15,12.66,325
Chicken Curry,100 g,6.67,4.74,11.47,124
Beef Curry,100 g,12.96,5.80,11.69,184
Deep Fried Potato French Fries (from Frozen),100 g,17.03,37.53,3.76,319
"French Fried Potatoes (Cottage Cut, Par Fried, Frozen)",100 g,5.78,23.98,2.42,153
Potato French Fries,100 g,14.06,35.66,3.48,274
Hamburger on Bun,100 g,11.80,28.83,15.71,290
Hamburger with 1/4 Lb Meat on Bun,100 g,14.86,20.33,18.25,294
Hamburger with Tomato and/or Catsup on Bun,100 g,9.61,30.75,13.40,265
Hash Brown (from Fresh),100 g,12.44,34.90,2.98,263
Hash Brown (from Frozen),100 g,11.43,27.93,3.14,217
Hash Brown (from Dry Mix),100 g,11.43,27.93,3.14,217
Frankfurter or Hot Dog,100 g,26.13,4.45,12.66,307
Frankfurter or Hot Dog with Catsup and/or Mustard on Bun,100 g,15.80,21.76,9.75,270
Lowfat Beef Frankfurter or Hot Dog,100 g,19.68,1.70,12.77,238
Baked or Fried Batter Dipped Onion Rings,100 g,19.39,31.98,6.76,329
Onion Rings (Breaded and Fried),100 g,18.69,37.74,4.46,332
Baked or Fried Batter Dipped Onion Rings (from Fresh),100 g,19.39,31.98,6.76,329
Pepperoni Pizza,100 g,11.23,31.46,12.33,276
Thick Crust Pepperoni Pizza,100 g,12.49,30.40,12.43,284
"Pepperoni Pizza (Frozen, Cooked)",100 g,15.20,28.51,11.21,296
Cheese Pizza,100 g,11.74,30.33,12.33,276
Pizza with Meat,100 g,13.80,31.45,12.09,301
Cheese Pizza with Vegetables,100 g,8.52,29.46,8.89,230
"Taco or Tostada with Beef, Cheese, Lettuce, Tomato and Salsa",100 g,12.35,13.20,11.65,209
"Taco or Tostada with Beef, Cheese and Lettuce",100 g,16.22,20.77,13.95,283
"Taco or Tostada with Beef, Lettuce, Tomato and Salsa",100 g,10.22,14.43,10.29,189
Veggie Burgers,100 g,6.30,14.27,15.70,177
Meatless Soyburger,100 g,5.97,13.40,17.91,179
Meatless Vegetable Burger or Patty,100 g,5.97,13.40,17.91,179
"Anchovy (Drained Solids in Oil, Canned)",100 g,9.71,-,28.89,210
Canned Anchovy,100 g,9.71,-,28.89,210
Anchovy,100 g,4.84,-,20.35,131
Fried Calamari,100 g,2.17,9.90,15.13,125
Baked or Grilled Calamari,100 g,3.69,3.03,15.02,110
Steamed or Boiled Calamari,100 g,1.37,3.05,15.45,91
Carp (Fish),100 g,5.60,-,17.83,127
Baked or Grilled Carp,100 g,11.60,0.64,22.64,203
Fried Floured or Breaded Carp,100 g,15.77,12.33,20.77,279
Catfish,100 g,14.53,8.54,17.57,240
Baked or Grilled Catfish,100 g,11.71,0.41,18.16,184
Baked Breaded or Battered Catfish,100 g,15.64,8.59,17.34,249
Clams,100 g,0.97,2.57,12.77,74
Cooked Clams,100 g,8.03,11.06,14.84,180
Steamed or Boiled Clams,100 g,1.20,3.19,15.83,92
Cod,100 g,10.84,8.25,19.20,211
Baked or Grilled Cod,100 g,3.59,0.41,20.91,122
Atlantic Cod,100 g,0.67,-,17.81,82
Crab,100 g,1.76,-,20.03,101
Baked or Grilled Crab,100 g,6.24,0.11,18.91,136
Canned Crab,100 g,1.23,-,20.52,99
Crayfish (Crawfish),100 g,0.97,-,14.85,72
Wild Crayfish (Crawfish),100 g,0.95,-,15.97,77
Boiled or Steamed Crayfish,100 g,1.19,-,16.63,81
Eel,100 g,18.75,5.77,21.01,281
Smoked Eel,100 g,18.30,-,28.95,289
Steamed or Poached Eel,100 g,14.76,-,23.34,233
Fish,100 g,0.92,-,17.76,84
Baked or Grilled Fish,100 g,3.44,0.33,21.94,126
Grilled Fish,100 g,1.18,0.28,22.60,109
Cooked Flounder,100 g,4.24,0.41,22.00,133
Baked or Grilled Flounder,100 g,4.24,0.41,22.00,133
Steamed or Poached Flounder,100 g,1.49,-,23.55,114
Haddock,100 g,3.71,0.48,22.08,128
Baked or Grilled Haddock,100 g,3.71,0.48,22.08,128
Baked Breaded or Battered Haddock,100 g,9.02,8.59,20.58,202
Atlantic and Pacific Halibut,100 g,2.29,-,20.81,110
Cooked Flounder,100 g,4.24,0.41,22.00,133
Pickled Herring,100 g,18.00,9.64,14.19,262
Kippered Atlantic Herring,100 g,12.37,-,24.58,217
Atlantic Herring,100 g,9.04,-,17.96,158
Lobster,100 g,0.58,1.27,20.33,97
Steamed or Boiled Lobster,100 g,0.58,1.27,20.33,97
Baked or Grilled Lobster,100 g,3.01,1.24,19.78,116
Mackerel,100 g,9.36,-,19.32,167
Atlantic Mackerel,100 g,13.89,-,18.60,205
Canned Mackerel,100 g,6.30,-,23.19,156
Mussels,100 g,2.24,3.69,11.90,86
Blue Mussels,100 g,2.24,3.69,11.90,86
Cooked Mussels,100 g,8.25,4.41,13.78,150
Octopus,100 g,1.04,2.20,14.91,82
Cooked Octopus,100 g,8.10,10.70,16.94,188
Steamed Octopus,100 g,2.06,4.36,29.57,163
Oysters,100 g,2.46,3.91,7.05,68
Cooked Oysters,100 g,7.95,12.54,9.08,160
Baked or Grilled Oysters,100 g,6.88,3.77,6.61,105
Salmon,100 g,5.93,-,21.62,146
Baked or Grilled Salmon,100 g,7.56,0.49,23.97,171
Atlantic Salmon (Farmed),100 g,10.85,-,19.90,183
Sardines in Oil (Canned),100 g,11.45,-,24.62,208
Sardines in Water,100 g,12.37,-,24.58,217
Sardines with Tomato-Based Sauce (Mixture),100 g,10.46,0.74,20.86,186
Scallops,100 g,10.96,10.49,18.14,217
Scallop (Mixed Species),100 g,0.76,2.36,16.78,88
Baked or Grilled Scallops,100 g,3.86,2.92,20.22,132
Shrimp (Cooked),100 g,2.35,1.24,27.59,144
Lobster,100 g,0.58,1.27,20.33,97
Clams,100 g,0.97,2.57,12.77,74
Shrimp (Cooked),100 g,2.35,1.24,27.59,144
Baked or Grilled Shrimp,100 g,5.03,1.17,24.47,154
Steamed or Boiled Shrimp,100 g,2.26,1.19,26.50,138
Smoked Salmon,100 g,4.32,-,18.28,117
Smoked Chinook Salmon,100 g,4.32,-,18.28,117
Smoked Chinook Salmon (Lox),100 g,4.32,-,18.28,117
Snapper (Fish) (Mixed Species),100 g,1.34,-,20.51,100
Steamed or Poached Porgy,100 g,3.41,-,23.60,131
Squid,100 g,1.38,3.08,15.58,92
Fried Breaded Squid,100 g,8.43,11.56,17.60,197
Steamed or Boiled Squid,100 g,1.58,3.53,17.86,105
Swordfish,100 g,4.01,-,19.80,121
Cooked Swordfish,100 g,8.23,0.49,23.80,177
Baked or Grilled Swordfish,100 g,8.23,0.49,23.80,177
Rainbow Trout (Farmed),100 g,5.40,-,20.87,138
Wild Rainbow Trout,100 g,3.46,-,20.48,119
Baked or Grilled Trout,100 g,9.16,0.41,24.37,188
Tuna in Water (Canned),100 g,0.82,-,25.51,116
Tuna in Oil (Canned),100 g,8.21,-,29.13,198
Bluefin Tuna (Fish),100 g,4.90,-,23.33,144
Apples,100 g,0.17,13.81,0.26,52
Apples (without Skin),100 g,0.13,12.76,0.27,48
Golden Delicious Apples,100 g,0.17,13.81,0.26,52
Apricots,100 g,0.39,11.12,1.40,48
Dried Apricot,100 g,0.51,62.64,3.39,241
"Apricots (Solids and Liquids with Skin, Water Pack, Canned)",100 g,0.16,6.39,0.71,27
Avocados,100 g,14.66,8.53,2.00,160
Guacamole,100 g,14.31,8.51,1.96,157
Guacamole with Tomatoes,100 g,9.94,7.64,1.62,116
Bananas,100 g,0.33,22.84,1.09,89
Apple Banana,100 g,0.33,22.84,1.09,89
Baked Banana,100 g,0.37,32.64,1.22,127
Berries,100 g,0.30,7.98,0.68,33
Strawberries,100 g,0.30,7.68,0.67,32
Blueberries,100 g,0.33,14.49,0.74,57
Blackberries,100 g,0.49,9.61,1.39,43
Sweetened Frozen Blackberries,100 g,0.44,18.98,1.25,79
"Blackberries (Solids and Liquids, Heavy Syrup, Canned)",100 g,0.14,23.10,1.31,92
Blueberries,100 g,0.33,14.49,0.74,57
"Blueberries (Solids and Liquids, Heavy Syrup, Canned)",100 g,0.33,22.06,0.65,88
Blueberries Unsweetened in Water Pack (Cooked or Canned),100 g,0.22,9.71,0.50,38
Cantaloupe,100 g,0.19,8.16,0.84,34
Cantaloupe Nectar,100 g,0.08,15.68,0.33,62
Sweet Cherries,100 g,0.20,16.01,1.06,63
Black Cherries,100 g,0.20,16.01,1.06,63
Maraschino Cherries,100 g,0.21,41.97,0.22,165
Coconut,100 g,33.49,15.23,3.33,354
Dried Coconut,100 g,64.53,23.65,6.88,660
Sweetened Dried Coconut Meat,100 g,32.15,47.59,3.28,474
Dried Cranberries (Sweetened),100 g,1.37,82.36,0.07,308
Cranberries,100 g,0.13,12.20,0.39,46
Craisins,100 g,1.37,82.36,0.07,308
Date,100 g,0.39,75.03,2.45,282
Medjool Dates,100 g,0.15,74.97,1.81,277
Deglet Noor Dates,100 g,0.39,75.03,2.45,282
Dried Fruit Mixture,100 g,0.44,64.81,2.19,244
Dried Apple,100 g,0.32,65.89,0.93,243
Dried Prune,100 g,0.38,63.88,2.18,240
Figs,100 g,0.30,19.18,0.75,74
Dried Fig,100 g,0.93,63.87,3.30,249
"Figs (Solids and Liquids, Water Pack, Canned)",100 g,0.10,13.99,0.40,53
Fruit Salad,100 g,0.86,13.16,0.67,57
Fruit Salad (without Citrus Fruits),100 g,0.86,15.83,0.69,66
"Peach Pear Apricot Pineapple Cherry Fruit Salad (Solids and Liquids, Water Pack, Canned)",100 g,0.07,7.87,0.35,30
Grapefruit,100 g,0.10,8.08,0.63,32
Grapefruit (Pink and Red),100 g,0.14,10.66,0.77,42
White Grapefruit,100 g,0.10,8.41,0.69,33
Grapes,100 g,0.16,18.10,0.72,69
"Grapes (Red or Green, European Type Varieties Such As Thompson Seedless)",100 g,0.16,18.10,0.72,69
"Grapes (American Type, Slip Skin)",100 g,0.35,17.15,0.63,67
Honeydew Melons,100 g,0.14,9.09,0.54,36
Kiwi Fruit,100 g,0.52,14.66,1.14,61
Chinese Gooseberries (Kiwi Fruit),100 g,0.52,14.66,1.14,61
Lychee,100 g,0.44,16.53,0.83,66
Litchis,100 g,0.44,16.53,0.83,66
Lychee in Sugar or Syrup (Cooked or Canned),100 g,0.28,23.06,0.54,91
Tangerines (Mandarin Oranges),100 g,0.31,13.34,0.81,53
Clementines,100 g,0.15,12.02,0.85,47
Mandarin Orange (Canned or Frozen),100 g,0.10,16.19,0.45,61
Mangos,100 g,0.27,17.00,0.51,65
Dried Mango,100 g,0.78,81.61,1.48,314
Mango Nectar,100 g,0.11,15.16,0.20,58
Watermelon,100 g,0.15,7.55,0.61,30
Honeydew Melons,100 g,0.14,9.09,0.54,36
Cantaloupe,100 g,0.19,8.16,0.84,34
Nectarines,100 g,0.32,10.55,1.06,44
Cooked Nectarine,100 g,0.23,23.15,0.75,92
Oranges,100 g,0.12,11.75,0.94,47
Navels Oranges,100 g,0.15,12.54,0.91,49
Valencia Oranges,100 g,0.30,11.89,1.04,49
Papayas,100 g,0.14,9.81,0.61,39
Dried Papaya,100 g,0.93,64.97,4.04,258
Papaya in Sugar or Syrup (Cooked or Canned),100 g,0.09,19.57,0.41,76
Peaches,100 g,0.25,9.54,0.91,39
"Peaches (Solids and Liquids, Light Syrup Pack, Canned)",100 g,0.03,14.55,0.45,54
"Peaches (Solids and Liquids, Water Pack, Canned)",100 g,0.06,6.11,0.44,24
Pears,100 g,0.12,15.46,0.38,58
Asian Pears,100 g,0.23,10.65,0.50,42
"Pears (Solids and Liquids, Light Syrup Pack, Canned)",100 g,0.03,15.17,0.19,57
Pineapple,100 g,0.12,12.63,0.54,48
"Pineapple (Solids and Liquids, Water Pack, Canned)",100 g,0.09,8.30,0.43,32
"Pineapple Chunks (Sweetened, Frozen)",100 g,0.10,22.20,0.40,86
Plums,100 g,0.28,11.42,0.70,46
Dried Prune,100 g,0.38,63.88,2.18,240
"Plums (Solids and Liquids, Light Syrup Pack, Canned)",100 g,0.10,16.28,0.37,63
Dried Prune,100 g,0.38,63.88,2.18,240
Cooked Dried Prune with Sugar,100 g,0.14,34.68,0.87,133
"Prunes (Solids and Liquids, Heavy Syrup Pack, Canned)",100 g,0.20,27.80,0.87,105
Raisins,100 g,0.46,79.18,3.07,299
Raisins (Seedless),100 g,0.46,79.18,3.07,299
Sultanas,100 g,0.46,79.52,3.39,302
Raspberries,100 g,0.65,11.94,1.20,52
Red Raspberries,100 g,0.65,11.94,1.20,52
Black Raspberries,100 g,0.65,11.94,1.20,52
Strawberries,100 g,0.30,7.68,0.67,32
Frozen Strawberries,100 g,0.14,23.46,0.52,87
Frozen Strawberries with Sugar,100 g,0.14,23.46,0.52,87
Watermelon,100 g,0.15,7.55,0.61,30
Dried Watermelon Seeds,100 g,47.37,15.31,28.33,557
Watermelon Juice,100 g,0.15,7.55,0.61,30
Bacon,100 g,41.78,1.43,37.04,541
Smoked or Cured Bacon,100 g,41.78,1.43,37.04,541
Lower Sodium Smoked or Cured Bacon,100 g,41.78,1.43,37.04,541
Beef,100 g,19.54,-,26.33,288
Minced Beef (Cooked),100 g,18.58,-,25.35,276
Lean Minced Beef,100 g,17.67,-,25.54,269
Bologna,100 g,24.59,5.49,15.20,308
Beef Bologna (Low Fat),100 g,14.80,5.20,11.80,204
Chicken Pork Beef Bologna,100 g,22.73,5.61,11.33,272
Beef Brisket,100 g,26.15,-,24.84,342
Beef Brisket (Lean Only Eaten),100 g,11.53,-,29.63,230
Corned Beef Brisket (Cured),100 g,14.90,0.14,14.68,198
Chicken,100 g,13.49,-,27.07,237
Chicken (Skin Not Eaten),100 g,7.35,-,28.69,188
Chicken Breast,100 g,7.72,-,29.55,195
Chicken Breast,100 g,7.72,-,29.55,195
Chicken Breast (Skin Not Eaten),100 g,3.54,-,30.76,164
Roasted Grilled or Baked Chicken Breast,100 g,7.72,-,29.55,195
Chicken Drumstick,100 g,11.06,-,26.80,214
Chicken Drumstick (Skin Not Eaten),100 g,5.61,-,28.05,171
Roasted Grilled or Baked Chicken Drumstick,100 g,11.06,-,26.80,214
Chicken Thigh,100 g,15.36,-,24.85,245
Chicken Thigh (Skin Not Eaten),100 g,10.79,-,25.72,207
Chicken Thigh Meat,100 g,3.91,-,19.65,119
Chicken Wing,100 g,19.30,-,26.64,288
Chicken Wing (Skin Not Eaten),100 g,8.06,-,30.21,201
Roasted Grilled or Baked Chicken Wing (Skin Eaten),100 g,19.30,-,26.64,288
Corned Beef,100 g,18.98,0.47,18.17,251
Corned Beef (Lean Only Eaten),100 g,14.93,-,27.10,250
Corned Beef Spread,100 g,14.93,-,27.10,250
Duck,100 g,28.23,-,18.91,336
Duck Meat,100 g,5.95,-,18.28,132
Duck Meat and Skin,100 g,39.34,-,11.49,404
Fried Chicken No Coating (Skin Eaten),100 g,15.35,-,28.62,260
Fried Chicken Breast No Coating (Skin Eaten),100 g,9.10,-,31.67,216
Fried Chicken Wing No Coating (Skin Eaten),100 g,22.62,-,27.01,318
Grilled Chicken,100 g,13.49,-,27.07,237
Grilled Chicken (Skin Not Eaten),100 g,7.35,-,28.69,188
Sliced Ham,100 g,8.60,3.83,16.60,163
Sliced Ham (Extra Lean),100 g,2.86,2.63,17.28,110
Deli Sliced Ham,100 g,8.39,2.28,18.26,162
Lamb,100 g,20.77,-,24.32,292
Minced Lamb,100 g,23.41,-,16.56,282
Lamb Roast,100 g,18.15,-,23.93,266
Lamb Chop,100 g,24.37,-,22.03,314
Lamb Chop (Lean Only Eaten),100 g,10.48,-,28.17,215
Lamb Loin Chop,100 g,23.09,-,24.53,313
Beef Meatballs,100 g,13.16,7.58,12.41,202
Beef and Pork Meatballs,100 g,10.19,7.15,13.61,178
Chicken Meatballs,100 g,5.62,6.94,19.39,161
Meat Loaf,100 g,12.11,6.52,16.16,204
Meat Loaf Made with Beef,100 g,12.11,6.52,16.16,204
Meat Loaf Made with Beef and Pork,100 g,10.42,6.43,16.73,191
Minced Beef (Cooked),100 g,18.58,-,25.35,276
Extra Lean Minced Beef,100 g,15.35,-,25.71,248
Breaded Minced Beef or Patty,100 g,20.98,14.95,16.69,319
Minced Chicken,100 g,13.49,-,27.07,237
"Breaded Chicken Patty, Fillet or Tenders",100 g,18.82,16.32,15.59,297
Breaded Chicken Patty with Cheese,100 g,16.67,16.26,15.69,279
Minced Pork,100 g,21.19,-,16.88,263
Minced Pork (Cooked),100 g,20.77,-,25.69,297
Ham Patties (Cured),100 g,28.19,1.69,12.78,315
Minced Turkey (Cooked),100 g,13.15,-,27.36,235
"Turkey Patties (Breaded, Battered, Fried)",100 g,18.00,15.70,14.00,283
Minced Turkey,100 g,8.26,-,17.46,149
Beef Pastrami (Cured),100 g,5.82,-,21.80,146
Smoked & Spiced Beef Pastrami,100 g,5.82,-,21.80,146
Beef Pastrami (98% Fat Free),100 g,1.16,1.54,19.60,95
Pepperoni,100 g,40.28,4.04,20.35,466
Pork,100 g,17.04,-,27.34,271
Minced Pork,100 g,21.19,-,16.88,263
Pork Chop,100 g,14.57,-,27.91,250
Pork Chop,100 g,14.57,-,27.91,250
Grilled or Baked Pork Chop,100 g,13.80,-,27.09,240
Grilled or Baked Breaded or Floured Pork Chop,100 g,12.85,7.77,25.66,257
Pork Spareribs,100 g,30.17,-,28.94,395
Beef Shortribs,100 g,41.80,-,21.48,469
Barbecued Pork Spareribs with Sauce,100 g,22.33,4.20,21.44,310
Roast Beef,100 g,17.32,-,25.91,267
Roast Beef (Lean Only Eaten),100 g,8.52,-,28.32,198
Roast Beef Spread,100 g,16.28,3.73,15.27,223
Roasted Grilled or Baked Chicken,100 g,13.49,-,27.07,237
Roasted Grilled or Baked Chicken (Skin Not Eaten),100 g,7.35,-,28.69,188
Roasted Grilled or Baked Chicken Breast (Skin Not Eaten),100 g,3.54,-,30.76,164
Pork Roast,100 g,14.59,-,26.98,247
Pork Roast (Lean Only Eaten),100 g,9.57,-,28.45,208
Loin Pork Roast,100 g,14.59,-,26.98,247
"Turkey Meat (Cooked, Roasted)",100 g,4.97,-,29.32,170
"Turkey Meat and Skin (Cooked, Roasted)",100 g,9.73,-,28.10,208
"Turkey Breast Meat (Cooked, Roasted)",100 g,0.74,-,30.06,135
Salami,100 g,20.11,2.25,13.92,250
Dry or Hard Salami,100 g,30.05,3.80,23.20,385
Soft Salami,100 g,20.11,2.25,13.92,250
Beef Sausage,100 g,29.08,3.99,11.04,325
Chicken Sausage,100 g,9.98,1.52,17.82,172
Fresh Pork Sausage,100 g,26.53,-,15.09,304
Beef Steak,100 g,15.01,-,27.29,252
Beef Steak (Lean Only Eaten),100 g,6.63,-,29.81,187
Beef Top Sirloin (Trimmed to 0.3 cm Fat),100 g,12.71,-,20.30,201
Turkey,100 g,7.02,-,28.90,187
Turkey Breast Meat,100 g,1.66,4.21,17.07,104
Turkey Breast Meat and Skin,100 g,7.02,-,21.89,157
Turkey Bacon,100 g,27.90,3.10,29.60,382
Turkey Bacon (Cooked),100 g,27.90,3.10,29.60,382
Turkey Breast Meat,100 g,1.66,4.21,17.07,104
Turkey Breast Meat and Skin,100 g,7.02,-,21.89,157
Deli Turkey or Chicken Breast Meat,100 g,1.66,4.21,17.07,104
Veal,100 g,11.30,-,29.85,229
Veal Loin,100 g,9.14,-,18.89,163
Roasted Veal,100 g,11.34,-,29.97,230
Almonds,100 g,50.64,19.74,21.26,578
Dry Roasted Almonds (without Salt Added),100 g,52.83,19.29,22.09,597
Dry Roasted Almonds (with Salt Added),100 g,52.83,19.29,22.09,597
Brazil Nuts,100 g,66.43,12.27,14.32,656
Unblanched Dried Brazilnuts,100 g,66.43,12.27,14.32,656
Cashew Nuts,100 g,47.77,30.16,16.84,581
Roasted Salted Cashew Nuts,100 g,47.77,30.16,16.84,581
Roasted Unsalted Cashew Nuts,100 g,47.77,29.87,16.84,580
Roasted Chestnuts,100 g,2.20,52.96,3.17,245
Roasted Chinese Chestnuts,100 g,1.19,52.36,4.48,239
Roasted European Chestnuts,100 g,2.20,52.96,3.17,245
Macadamia Nuts,100 g,75.77,13.82,7.91,718
Dry Roasted Macadamia Nuts (with Salt Added),100 g,76.08,12.83,7.79,716
Dry Roasted Macadamia Nuts (without Salt Added),100 g,76.08,13.38,7.79,718
Peanuts,100 g,49.24,16.13,25.80,567
Dry Roasted Salted Peanuts,100 g,49.66,21.51,23.68,585
Dry Roasted Unsalted Peanuts,100 g,49.66,21.51,23.68,585
Pecan Nuts,100 g,71.97,13.86,9.17,691
Dry Roasted Pecan Nuts (without Salt Added),100 g,74.27,13.55,9.50,710
Dry Roasted Pecan Nuts (with Salt Added),100 g,74.27,13.55,9.50,710
Pecan Nuts,100 g,71.97,13.86,9.17,691
Dry Roasted Pecan Nuts (without Salt Added),100 g,74.27,13.55,9.50,710
Dry Roasted Pecan Nuts (with Salt Added),100 g,74.27,13.55,9.50,710
Dried Pine Nuts,100 g,68.37,13.08,13.69,673
Pine Nuts (Pignolias),100 g,68.37,13.08,13.69,673
Dried Pinyon Pine Nuts,100 g,60.98,19.30,11.57,629
Pistachio Nuts,100 g,44.44,27.97,20.61,557
Dry Roasted Pistachio Nuts (without Salt Added),100 g,45.97,27.65,21.35,571
Dry Roasted Pistachio Nuts (with Salt Added),100 g,45.97,26.78,21.35,568
Dried Whole Sesame Seeds,100 g,49.67,23.45,17.73,573
Dry Roasted Sunflower Seeds (with Salt Added),100 g,49.80,24.07,19.33,582
Dried Sunflower Seed Kernels,100 g,49.57,18.76,22.78,570
Soy Nuts,100 g,25.40,33.55,35.22,471
"Roasted Soybeans (Mature Seeds, Salted)",100 g,25.40,33.55,35.22,471
"Roasted Soybeans (Mature Seeds, No Salt Added)",100 g,25.40,33.55,35.22,471
Dry Roasted Hulled Sunflower Seeds,100 g,49.80,24.07,19.33,582
Dry Roasted Sunflower Seeds (with Salt Added),100 g,49.80,24.07,19.33,582
Dry Roasted Sunflower Seed Kernels (without Salt),100 g,49.80,24.07,19.33,582
Walnuts,100 g,65.21,13.71,15.23,654
English Walnuts,100 g,65.21,13.71,15.23,654
Honey Roasted Walnuts,100 g,55.79,23.58,12.64,602
Brown Rice,100 g,0.89,22.78,2.56,110
Instant Brown Rice,100 g,0.89,22.78,2.56,110
"Brown Rice (Medium-Grain, Cooked)",100 g,0.83,23.51,2.32,112
Couscous (Cooked),100 g,0.16,23.22,3.79,112
Dry Couscous,100 g,0.64,77.43,12.76,376
Couscous,100 g,0.16,23.11,3.77,111
Fried Rice,100 g,6.23,21.06,6.30,168
Chicken Fried Rice,100 g,6.04,21.12,6.29,166
Meatless Fried Rice,100 g,5.48,20.97,4.23,151
Potato Gnocchi,100 g,6.24,17.04,2.36,133
Cheese Gnocchi,100 g,11.83,8.58,9.32,179
Lasagna with Meat,100 g,6.01,17.20,9.96,163
Lasagna with Meat and Spinach,100 g,5.57,16.16,9.43,152
Lasagna with Chicken or Turkey,100 g,5.55,17.20,10.14,160
Macaroni,100 g,0.92,30.68,5.76,157
Whole Wheat Macaroni,100 g,0.54,26.38,5.30,123
Spinach Macaroni,100 g,0.57,27.24,4.86,135
Macaroni or Noodles with Cheese,100 g,9.40,21.46,7.94,203
Macaroni or Noodles with Cheese (Boxed Mix with Cheese Sauce),100 g,5.34,25.02,7.04,178
Macaroni and Cheese Entree (Canned),100 g,2.46,11.52,3.38,82
Noodles,100 g,2.06,25.01,4.51,137
"Egg Noodles (Enriched, Cooked)",100 g,2.07,25.16,4.54,138
Whole Wheat Noodles,100 g,1.37,23.49,5.31,120
Paella,100 g,5.44,16.68,9.52,158
Paella with Seafood,100 g,4.43,16.50,8.57,143
Spaghetti,100 g,0.92,30.68,5.76,157
Pasta with Meat Sauce,100 g,5.12,13.07,7.93,129
Meatless Pasta with Tomato Sauce,100 g,0.47,16.76,3.05,83
Rice Pilaf,100 g,3.24,21.57,2.07,125
Wheat Pilaf,100 g,0.24,18.48,3.06,83
Baked or Boiled Polenta,100 g,0.38,18.10,1.98,85
Fried Polenta,100 g,0.68,31.85,3.48,150
Cornmeal Mush made with Water,100 g,0.42,19.69,2.15,93
Cheese Filled Ravioli,100 g,6.70,20.22,8.49,178
Meat Filled Ravioli,100 g,7.43,17.36,12.58,191
Ravioli with Tomato Sauce,100 g,5.97,14.67,7.25,142
Instant White Rice,100 g,0.50,24.87,2.16,116
White Rice,100 g,0.28,27.90,2.66,129
Brown Rice,100 g,0.89,22.78,2.56,110
Cheese Risotto,100 g,6.43,21.69,6.87,174
Rice Casserole with Cheese,100 g,6.10,22.70,7.72,179
Flavoured Rice Mixture with Cheese,100 g,2.97,12.57,1.91,86
Spaghetti,100 g,0.92,30.68,5.76,157
Whole Wheat Spaghetti,100 g,0.54,26.38,5.30,123
Spaghetti with Tomato Sauce and Meatballs,100 g,5.40,18.62,7.22,153
Cheese Filled Tortellini,100 g,5.56,36.15,10.38,236
Meatless Cheese Filled Tortellini with Tomato Sauce,100 g,5.50,15.29,5.52,133
Cheese Filled Tortellini with Cream Sauce,100 g,7.42,15.56,6.46,156
White Rice,100 g,0.28,27.90,2.66,129
Instant White Rice,100 g,0.50,24.87,2.16,116
"White Rice (Long-Grain, Cooked)",100 g,0.28,28.17,2.69,130
Wild Rice (Cooked),100 g,0.34,21.34,3.99,101
White and Wild Rice,100 g,2.12,20.64,2.17,112
Brown and Wild Rice,100 g,2.61,20.05,2.35,113
Caesar Salad with Romaine,100 g,14.17,6.52,5.03,170
Chicken or Turkey Salad,100 g,17.31,1.40,16.20,229
Chicken or Turkey Salad with Egg,100 g,15.71,1.56,15.16,211
"Chicken or Turkey Garden Salad (Chicken and/or Turkey, Other Vegetables Excluding Tomato and Carrots)",100 g,1.45,1.93,12.31,72
Coleslaw,100 g,2.61,12.41,1.29,69
Cabbage Salad or Coleslaw with Dressing,100 g,12.85,7.65,1.28,146
Cabbage Salad or Coleslaw with Apples and/or Raisins with Dressing,100 g,14.81,15.21,1.45,191
Egg Salad,100 g,30.26,1.93,9.20,318
Lettuce Salad with Assorted Vegetables,100 g,0.15,3.14,0.74,15
Lettuce Salad with Assorted Vegetables (Including Tomatoes and/or Carrots),100 g,0.17,3.80,0.87,17
"Lettuce Salad with Cheese, Tomato and/or Carrots",100 g,7.18,3.77,5.97,101
Pasta Salad,100 g,10.63,22.98,3.76,202
Pasta Salad with Chicken,100 g,13.34,15.00,10.11,221
Pasta Salad with Tuna,100 g,9.14,19.49,7.07,189
Potato Salad,100 g,8.20,11.17,2.68,143
Potato Salad with Egg,100 g,7.05,15.96,2.77,136
German Style Potato Salad,100 g,1.24,16.66,2.52,88
Mixed Salad Greens,100 g,0.24,3.20,1.52,17
Lettuce Salad with Assorted Vegetables,100 g,0.15,3.14,0.74,15
Potato Salad,100 g,8.20,11.17,2.68,143
Taco Salad,100 g,7.46,11.91,6.68,141
"Taco or Tostada Salad with Beef, Beans and Cheese in Fried Flour Tortilla",100 g,10.75,12.05,7.81,174
"Taco or Tostada Salad with Beef, Cheese and Corn Chips",100 g,9.37,9.82,8.58,156
Tuna Fish Salad,100 g,9.26,9.41,16.04,187
Tuna Salad,100 g,11.02,6.96,14.27,184
Tuna Salad with Cheese,100 g,14.72,6.87,14.44,217
Applesauce,100 g,0.18,19.91,0.18,76
Applesauce Unsweetened,100 g,0.05,11.29,0.17,43
Applesauce with Sugar,100 g,0.18,19.91,0.18,76
Caesar Salad Dressing,100 g,57.70,3.10,1.20,528
Caesar Salad Dressing (Low Calorie),100 g,4.40,18.60,0.30,110
Chutney,100 g,0.29,36.85,1.33,149
Hummus,100 g,8.59,20.12,4.86,177
Salsa,100 g,0.16,6.26,1.54,27
Guacamole,100 g,14.31,8.51,1.96,157
French Salad Dressing,100 g,44.81,15.58,0.77,457
French Salad Dressing (Reduced Calorie),100 g,13.00,27.00,0.40,200
French Salad Dressing (Reduced Fat),100 g,13.46,29.28,0.58,232
Beef or Meat Gravy,100 g,2.36,4.81,3.75,53
Turkey Gravy (Canned),100 g,2.10,5.10,2.60,51
Chicken Gravy (Canned),100 g,5.71,5.42,1.93,79
Guacamole,100 g,14.31,8.51,1.96,157
Guacamole with Tomatoes,100 g,9.94,7.64,1.62,116
Guacamole with Tomatoes and Chilli Peppers,100 g,9.75,7.62,1.62,114
Honey,100 g,-,82.40,0.30,304
Clover Honey,100 g,-,82.40,0.30,304
Bee Pollen,100 g,4.90,43.50,24.10,314
Hummus,100 g,8.59,20.12,4.86,177
Hummus (Commercial),100 g,9.60,14.29,7.90,166
Italian Salad Dressing,100 g,28.37,10.43,0.38,291
Italian Salad Dressing (Reduced Fat),100 g,6.38,4.57,0.47,75
Italian Salad Dressing (Fat Free),100 g,0.87,8.75,0.97,47
Jam Preserves,100 g,0.14,66.63,0.54,260
Jams and Preserves,100 g,0.07,68.86,0.37,278
"Jams, Preserves, Marmalades (Low Sugar)",100 g,0.21,36.29,0.46,142
Ketchup,100 g,0.38,25.08,1.74,97
Ketchup (Low Sodium),100 g,0.38,27.86,1.74,107
Tomato Catsup,100 g,0.38,25.08,1.74,97
Maple Syrup,100 g,0.20,67.09,-,261
Cane and Maple (15%) Syrup,100 g,0.03,69.52,-,278
Mayonnaise,100 g,33.40,23.90,0.90,390
Light Mayonnaise,100 g,33.09,8.20,0.88,324
Fat Free Mayonnaise,100 g,2.70,15.50,0.20,84
Mustard,100 g,3.11,7.78,3.95,66
Yellow Mustard,100 g,3.11,7.78,3.95,66
Dijon Mustard,100 g,3.11,7.78,3.95,66
Olive Oil,100 g,100.00,-,-,884
Extra Virgin Olive Oil,100 g,100.00,-,-,884
Spaghetti/Marinara Pasta Sauce,100 g,2.38,11.27,1.95,74
Spaghetti Sauce with Vegetables (Homemade-Style),100 g,2.17,7.39,1.55,49
Fat Free Meatless Spaghetti Sauce,100 g,0.74,8.77,0.94,41
Peanut Butter,100 g,50.39,19.56,25.09,588
Reduced Fat Peanut Butter,100 g,34.00,35.65,25.90,520
Smooth Peanut Butter (with Salt),100 g,50.39,19.56,25.09,588
Black Pepper,100 g,3.26,64.81,10.95,255
White Pepper,100 g,2.12,68.61,10.40,296
Red or Cayenne Pepper,100 g,17.27,56.63,12.01,318
Ranch Salad Dressing,100 g,51.39,6.69,1.03,484
Ranch Salad Dressing (Reduced Fat),100 g,17.30,16.20,1.03,219
Ranch Salad Dressing (Fat Free),100 g,1.92,26.51,0.25,119
Sweet Pickle Relish,100 g,0.47,35.06,0.37,130
Hamburger Pickle Relish,100 g,0.54,34.48,0.63,129
Hot Dog Pickle Relish,100 g,0.46,23.35,1.50,91
Low Calorie Salad Dressing,100 g,9.98,14.69,0.75,147
Ranch Salad Dressing,100 g,51.39,6.69,1.03,484
Italian Salad Dressing,100 g,28.37,10.43,0.38,291
Salsa,100 g,0.16,6.26,1.54,27
Red Salsa,100 g,0.14,3.83,0.68,17
Salsa (Ready to Serve),100 g,0.16,6.26,1.54,27
Salt,100 g,-,-,-,-
Sea Salt,100 g,-,-,-,-
Ketchup,100 g,0.38,25.08,1.74,97
Mayonnaise,100 g,33.40,23.90,0.90,390
Salsa,100 g,0.16,6.26,1.54,27
Salt,100 g,-,-,-,-
Black Pepper,100 g,3.26,64.81,10.95,255
Chilli Powder,100 g,16.76,54.66,12.26,314
Soy Sauce,100 g,0.04,7.61,6.28,53
Soy Sauce (Shoyu) (Low Sodium),100 g,0.08,8.51,5.17,53
Reduced Sodium Soy Sauce,100 g,0.08,8.51,5.17,53
Sugar,100 g,-,99.98,-,387
Granulated Sugar,100 g,-,99.98,-,387
Brown Sugar,100 g,-,97.33,-,377
"Sweeteners (Splenda Packets, Sucralose)",100 g,-,89.97,-,331
Sweeteners (Saccharin),100 g,-,89.11,0.94,360
Dextrose,100 g,-,100.00,-,368
Syrup,100 g,0.04,66.86,-,259
Maple Syrup,100 g,0.20,67.09,-,261
Chocolate Syrup,100 g,1.13,65.10,2.10,279
Sesame Butter (Tahini) (Made From Kernels),100 g,53.76,21.19,17.00,595
Sesame Paste (Sesame Butter Made From Whole Seeds),100 g,53.76,21.19,17.00,595
Sesame Seed Butter Paste,100 g,50.87,25.45,18.08,595
Vegetable Oil,100 g,100.00,-,-,884
Canola Vegetable Oil,100 g,100.00,-,-,884
Soybean Oil,100 g,100.00,-,-,884
Vinaigrette Dressing,100 g,28.37,10.43,0.38,291
Oil and Vinegar Salad Dressing (Home Recipe),100 g,50.10,2.50,-,449
"Vinegar, Sugar and Water Dressing",100 g,-,12.20,-,52
Vinegar,100 g,-,0.04,-,18
Vinegar (Cider),100 g,-,0.93,-,21
Sherry Vinegar,100 g,-,0.66,-,16
Breakfast Bar,100 g,12.55,69.80,7.10,420
"Breakfast Bars (Oats, Sugar, Raisins, Coconut, Include Granola Bar)",100 g,17.60,66.70,9.80,464
Lowfat Cereal Crust Breakfast Bar with Fruit Filling,100 g,7.50,72.90,4.40,377
Potato Chips,100 g,37.47,49.74,6.56,547
Plain Corn Chips,100 g,28.41,63.01,6.03,518
Tortilla Corn Chips,100 g,23.36,65.32,7.79,488
Tortilla Corn Chips,100 g,23.36,65.32,7.79,488
Plain Corn Chips,100 g,28.41,63.01,6.03,518
Light Tortilla Corn Chips,100 g,15.20,73.40,8.70,465
Crackers,100 g,25.30,61.00,7.40,502
Saltine Crackers,100 g,11.35,70.91,9.22,428
Wheat Crackers,100 g,20.60,64.90,8.60,473
Rye Crispbread,100 g,1.30,82.20,7.90,366
Extra Crispy Wheat or Rye Crispbread,100 g,6.43,74.26,10.71,397
No Added Fat Wheat Crispbread,100 g,1.08,84.63,11.33,403
Soft Granola Bars,100 g,17.20,67.30,7.40,443
Hard Granola Bars,100 g,19.80,64.40,10.10,471
Soft Chocolate Chip Granola Bars,100 g,16.60,69.10,7.30,420
Chewing Gum (Sugarless),100 g,0.40,94.80,-,268
Chewing Gum,100 g,0.30,66.08,-,247
Beef Jerky,100 g,25.60,11.00,33.20,410
Smoked Beef Sticks,100 g,49.60,5.40,21.50,550
Bacon and Beef Sticks,100 g,44.20,0.80,29.10,517
Meal Replacement Bar,100 g,13.37,71.43,7.00,420
Oil Popped White Popcorn,100 g,28.10,57.20,9.00,500
Oil Popped Popcorn (Microwaved),100 g,33.00,57.54,7.46,541
Buttered Air Popped Popcorn,100 g,27.94,53.67,9.19,486
Potato Chips,100 g,37.47,49.74,6.56,547
Potato Chips (Salted),100 g,37.47,49.74,6.56,547
Barbecue Flavor Potato Chips,100 g,32.40,52.80,7.70,491
Pretzels,100 g,2.63,79.76,10.34,380
Soft Pretzels,100 g,3.10,69.39,8.20,338
Hard Pretzels,100 g,2.63,79.76,10.34,380
Brown Rice Cakes,100 g,2.80,81.50,8.20,387
Puffed Rice Cake,100 g,2.80,81.50,8.20,387
Cracker Type Rice Cake,100 g,4.30,81.10,7.10,392
Peanut Butter and Jam Sandwich,100 g,15.30,45.41,11.10,352
Chicken Sandwich with Spread,100 g,6.92,23.36,19.00,237
Turkey Sandwich with Spread,100 g,7.84,18.43,20.10,230
Sushi,100 g,0.42,29.90,4.30,143
California Rolls,100 g,0.47,24.27,5.29,126
Sushi with Vegetables and Seafood,100 g,0.41,27.50,5.37,139
Tortilla Corn Chips,100 g,23.36,65.32,7.79,488
Tortilla Chips (White Corn),100 g,23.36,65.32,7.79,488
"Tortilla Chips (Low Fat, Baked)",100 g,5.70,80.00,11.00,415
Trail Mix,100 g,29.40,44.90,13.80,462
Tropical Trail Mix,100 g,17.10,65.60,6.30,407
"Trail Mix with Chocolate Chips, Salted Nuts and Seeds",100 g,31.90,44.90,14.20,484
Lobster Bisque,100 g,5.15,5.11,8.07,100
Tomato Bisque,100 g,1.89,9.00,2.41,60
Crab Bisque,100 g,5.95,3.84,10.41,112
Chicken Stock,100 g,0.12,0.62,0.39,5
Beef Stock,100 g,0.08,0.33,0.35,3
Vegetable Broth,100 g,0.01,0.83,0.87,7
Chicken Soup,100 g,1.02,3.88,1.68,31
Chicken Noodle Soup,100 g,0.99,3.07,1.32,27
Chicken Rice Soup,100 g,0.79,2.97,1.47,25
Chilli,100 g,5.59,7.75,5.30,101
Chilli with Beans (Canned),100 g,5.49,11.91,5.71,112
Chilli Con Carne with Beans,100 g,4.26,8.66,8.08,104
Clam Chowder,100 g,2.39,7.79,3.62,67
Manhattan Clam Chowder,100 g,1.16,6.42,1.96,44
Fish Chowder,100 g,2.01,4.80,9.73,78
Miso Soup,100 g,1.40,3.24,2.51,35
Chicken Noodle Soup,100 g,0.99,3.07,1.32,27
Beef Noodle Soup,100 g,1.26,3.68,1.98,34
Instant Noodle Soup,100 g,0.35,3.05,0.90,19
Tomato Soup,100 g,1.20,7.35,1.25,42
"Vegetable Soup (Canned, Condensed)",100 g,1.58,9.78,1.72,59
Chicken Noodle Soup,100 g,0.99,3.07,1.32,27
Vegetable Stew (without Meat),100 g,0.97,9.73,2.65,56
Beef Stew with Potatoes and Vegetables in Tomato-Based Sauce,100 g,2.28,8.69,6.60,82
Chicken or Turkey Stew with Potatoes and Vegetables in Tomato- Based Sauce,100 g,1.80,9.47,6.81,80
Tomato Soup,100 g,1.20,7.35,1.25,42
"Tomato Soup (Canned, Condensed)",100 g,0.56,13.41,1.61,60
Cream of Tomato Soup (Prepared with Milk),100 g,1.27,9.12,2.44,55
Plain Cookie,100 g,21.39,68.97,5.42,486
Chocolate Chip Biscuits (Soft Type),100 g,24.30,59.10,3.50,458
Sugar Biscuits (Includes Vanilla),100 g,21.10,67.90,5.10,478
Brownie with Icing,100 g,16.30,63.90,4.80,405
Lowfat Brownie,100 g,5.38,70.23,5.43,324
Blondie,100 g,21.06,54.38,5.16,421
Cheesecake,100 g,22.50,25.50,5.50,321
Chocolate Cake (with Chocolate Icing),100 g,16.40,54.60,4.10,367
Chocolate Cake (without Icing),100 g,15.10,53.40,5.30,358
Cheesecake,100 g,22.50,25.50,5.50,321
"Cheesecake (From Mix, No-Bake Type)",100 g,12.70,35.50,5.50,274
Chocolate Cheesecake,100 g,24.75,38.44,6.60,389
Milk Chocolate,100 g,29.66,59.40,7.65,535
Plain Chocolate,100 g,30.00,63.10,4.20,479
Dark Chocolate,100 g,34.20,59.60,3.90,505
Plain Crepe,100 g,11.08,21.66,8.76,224
Chocolate Filled Crepe,100 g,5.54,20.68,5.50,156
Crepe Suzette,100 g,13.49,23.38,6.23,239
Cupcake,100 g,10.93,67.64,2.84,369
Cupcake with Icing,100 g,10.96,67.80,2.85,370
Chocolate Cupcake,100 g,11.70,63.59,3.79,356
Custard,100 g,3.50,10.85,5.07,95
Caramel Custard Flan (Dry Mix),100 g,-,91.60,-,348
Egg Custards (Dry Mix),100 g,6.40,82.80,6.90,410
Dark Chocolate,100 g,34.20,59.60,3.90,505
Doughnuts (Plain),100 g,22.90,49.70,5.00,421
Sugared or Glazed Doughnuts,100 g,22.90,50.80,5.20,426
Chocolate Coated or Frosted Doughnuts,100 g,31.00,48.00,5.00,474
Frozen Yoghurt,100 g,1.47,19.62,4.70,107
Nonfat Frozen Yoghurt,100 g,0.41,21.91,3.75,103
Lowfat Frozen Yoghurt,100 g,1.47,19.62,4.70,107
Peanut Butter Fudge,100 g,16.59,66.72,7.02,435
Peanut Butter Fudge with Nuts,100 g,22.79,61.05,8.48,473
Chocolate Coated Chocolate Fudge,100 g,16.18,71.36,3.97,448
Ice Cream Cone,100 g,10.14,29.26,3.92,218
Chocolate Ice Cream Cone,100 g,9.52,31.76,4.07,222
Light Ice Cream Cone,100 g,3.14,28.06,4.88,156
Ice Cream,100 g,10.72,24.40,3.52,201
Vanilla Ice Creams,100 g,11.00,23.60,3.50,201
Chocolate Ice Creams,100 g,11.00,28.20,3.80,216
Ice Pop Filled with Ice Cream,100 g,3.79,20.67,1.16,119
Popsicle,100 g,0.24,19.68,-,81
Popsicle (Sugar Free),100 g,-,5.14,-,21
Licorice,100 g,0.05,93.55,-,375
Marshmallows,100 g,0.20,81.30,1.80,318
Chocolate Coated Marshmallows,100 g,16.90,67.70,4.00,421
Chocolate Covered Marshmallow,100 g,10.40,74.79,2.43,374
English Muffin,100 g,1.69,44.17,8.87,227
Blueberry Muffins,100 g,6.50,48.00,5.50,277
Plain Muffin,100 g,10.87,43.77,7.63,305
Plain Pancakes,100 g,9.70,28.30,6.40,227
Blueberry Pancakes,100 g,9.20,29.00,6.10,222
Buttermilk Pancakes,100 g,9.30,28.70,6.80,227
Danish Pastry,100 g,22.40,44.60,7.00,403
Cheese Danish Pastry,100 g,21.90,37.20,8.00,374
Danish Pastry with Fruit,100 g,18.50,47.80,5.40,371
Apple Pie,100 g,12.50,37.10,2.40,265
Pecan Pie,100 g,22.20,52.20,4.90,412
Cherry Pie,100 g,11.00,39.80,2.00,260
Chocolate Puddings,100 g,4.00,23.00,2.70,139
Vanilla Puddings,100 g,3.60,22.00,2.30,130
Tapioca Puddings,100 g,3.70,19.40,2.00,119
Soft Serve Ice Cream,100 g,13.00,22.20,4.10,222
Soft Serve Light Ice Cream,100 g,2.60,21.80,4.90,126
Chocolate Soft Serve Ice Cream,100 g,9.67,27.87,3.70,205
Frozen Yoghurt with Sorbet or Sorbet Coated (Flavors Other Than Chocolate),100 g,1.24,25.17,2.60,115
Spinach Souffle,100 g,12.95,5.82,7.91,171
Cheese Souffle,100 g,15.54,6.19,9.64,204
Seafood Souffle,100 g,9.74,5.56,10.62,154
Berry Strudel,100 g,6.21,46.78,3.51,251
Cheese and Fruit Strudel,100 g,8.44,29.84,6.89,220
Cheese Strudel,100 g,12.78,37.71,10.10,305
Ice Cream Sundae with Chocolate or Fudge Topping (with Whipped Cream),100 g,13.72,32.79,3.63,265
Ice Cream Sundae with Topping (with Whipped Cream),100 g,11.45,36.00,2.20,244
Ice Cream Sundae (with Whipped Cream),100 g,14.14,30.14,3.54,257
Sweet Roll,100 g,16.40,50.90,6.20,372
Cinnamon Sweet Rolls (with Raisins),100 g,16.40,50.90,6.20,372
Sweet Cinnamon Bun,100 g,16.40,50.90,6.20,372
Hard Lollies,100 g,0.20,98.00,-,394
Milk Chocolate,100 g,29.66,59.40,7.65,535
Chocolate,100 g,34.20,59.60,3.90,505
Chocolate Wafers,100 g,14.20,72.40,6.60,433
Cream Wafers,100 g,24.30,70.10,4.10,511
Vanilla Wafers (Higher Fat),100 g,19.40,71.10,4.30,473
Plain Waffle,100 g,9.55,48.84,7.30,310
100% Whole Wheat or 100% Whole Grain Waffle,100 g,11.22,33.33,9.22,267
Fruit Waffle,100 g,8.24,44.80,6.40,278
Artichokes (Globe or French),100 g,0.15,10.51,3.27,47
Cooked Artichoke (from Fresh),100 g,2.29,10.87,3.37,67
Cooked Artichoke (Canned),100 g,2.29,10.87,3.37,67
Asparagus,100 g,0.12,3.88,2.20,20
Cooked Asparagus (from Fresh),100 g,2.21,4.03,2.33,39
"Asparagus (Drained Solids, Canned)",100 g,0.65,2.46,2.14,19
Baby Carrots,100 g,0.13,8.24,0.64,35
"Baked Potato (Peel Eaten, with Salt)",100 g,2.20,20.53,2.43,109
"Baked Potato (Peel Not Eaten, with Salt)",100 g,0.10,21.39,1.95,92
Baked Potato Stuffed with Sour Cream (Peel Eaten),100 g,6.78,16.57,2.60,134
Beetroot,100 g,0.17,9.56,1.61,43
"Pickled Beetroot (Solids and Liquids, Canned)",100 g,0.08,16.28,0.80,65
"Beetroot (Drained Solids, Canned)",100 g,0.14,7.21,0.91,31
Broccoli,100 g,0.37,6.64,2.82,34
Cooked Broccoli (Fat Not Added in Cooking),100 g,0.41,7.14,2.37,35
Broccoli Raab,100 g,0.49,2.85,3.17,22
Brussels Sprouts,100 g,0.30,8.95,3.38,43
Brussels Sprouts (Frozen),100 g,0.41,7.86,3.78,41
Cooked Brussels Sprouts,100 g,2.77,6.91,2.47,55
Cabbage,100 g,0.12,5.58,1.44,24
Red Cabbage,100 g,0.16,7.37,1.43,31
Green Cabbage,100 g,0.12,5.58,1.44,24
Carrots,100 g,0.24,9.58,0.93,41
Baby Carrots,100 g,0.13,8.24,0.64,35
Cooked Carrots,100 g,2.48,7.99,0.74,54
Cauliflower,100 g,0.10,5.30,1.98,25
Cauliflower (Frozen),100 g,0.27,4.68,2.01,24
Cooked Cauliflower (Fat Not Added in Cooking),100 g,0.37,3.96,1.75,22
Celery,100 g,0.17,2.97,0.69,14
Cooked Celery,100 g,2.54,3.93,0.81,39
Celeriac,100 g,0.30,9.20,1.50,42
Cherry Tomatoes,100 g,0.20,3.92,0.88,18
Corn,100 g,1.18,19.02,3.22,86
Yellow Sweet Corn,100 g,1.18,19.02,3.22,86
Baby Corn,100 g,1.00,18.59,2.62,81
"White Sweet Corn (Kernels on Cob, Frozen)",100 g,0.78,23.50,3.28,98
"Yellow Sweet Corn (Kernels Cut off Cob, Frozen)",100 g,0.77,20.80,3.02,88
"White Sweet Corn (Kernels Cut off Cob, Frozen)",100 g,0.77,20.81,3.02,88
Cucumber (with Peel),100 g,0.11,3.63,0.65,15
Cucumber (Peeled),100 g,0.16,2.16,0.59,12
Sweet Cucumber Pickle,100 g,0.26,31.81,0.37,117
Cooked Soybeans (Fat Not Added in Cooking),100 g,8.92,9.87,16.54,172
Soybeans (Mature Seeds),100 g,19.94,30.16,36.49,416
"Soybeans (Mature Seeds, Stir-Fried, Cooked)",100 g,7.10,9.40,13.10,125
Eggplant,100 g,0.19,5.70,1.01,24
Cooked Eggplant,100 g,3.85,8.31,0.79,65
Fried Batter Dipped Eggplant,100 g,10.75,11.58,2.40,148
Garlic,100 g,0.50,33.06,6.36,149
Minced Garlic,100 g,0.67,33.00,6.33,133
Garlic Powder,100 g,0.76,72.71,16.80,332
Green Peas,100 g,0.40,14.46,5.42,81
Cooked Green Peas,100 g,2.45,15.16,5.18,101
Cooked Green Peas (Canned),100 g,2.46,12.29,4.31,86
Jalapeno Peppers,100 g,0.62,5.91,1.35,30
"Jalapeno Peppers (Solids and Liquids, Canned)",100 g,0.94,4.74,0.92,27
Green Chilli Peppers (Canned),100 g,0.27,4.60,0.72,21
Kale,100 g,0.70,10.01,3.30,50
Cooked Kale (from Canned),100 g,3.12,5.47,1.83,51
Cooked Kale (from Fresh),100 g,3.12,5.47,1.83,51
Leeks,100 g,0.30,14.15,1.50,61
Cooked Leek,100 g,4.00,14.24,1.51,94
Lettuce,100 g,0.14,2.97,0.90,14
Green Leaf Lettuce,100 g,0.15,2.79,1.36,15
Mixed Salad Greens,100 g,0.24,3.20,1.52,17
Mashed Potato,100 g,3.54,15.72,1.80,100
Mashed Potato (from Fresh),100 g,6.96,13.22,2.11,122
Mashed Potato (from Dry),100 g,5.56,12.22,2.02,105
"Mixed Vegetables (Solids and Liquids, Canned)",100 g,0.25,7.12,1.42,36
"Mixed Vegetables (Drained Solids, Canned)",100 g,0.25,9.26,2.59,49
Mixed Vegetables (Frozen),100 g,0.52,13.46,3.33,64
Mushrooms,100 g,0.34,3.28,3.09,22
"Mushrooms (Drained Solids, Canned)",100 g,0.29,5.09,1.87,25
Mushroom Pieces and Stems,100 g,0.34,3.28,3.09,22
Okra,100 g,0.10,7.03,2.00,31
Cooked Okra,100 g,2.32,5.08,1.92,43
Cooked Okra (Canned),100 g,2.40,4.44,1.81,41
Olives,100 g,11.27,5.40,0.92,117
Black Olives,100 g,9.54,6.06,0.88,105
Green Olives,100 g,15.32,3.84,1.03,145
Onions,100 g,0.08,10.11,0.92,42
Red Onions,100 g,0.08,10.11,0.92,42
Spring Onions,100 g,0.19,7.34,1.83,32
Parsnips,100 g,0.30,17.99,1.20,75
Cooked Parsnips,100 g,2.58,16.48,1.28,89
Creamed Parsnips,100 g,4.88,13.48,2.43,104
Green Peas,100 g,0.40,14.46,5.42,81
Snow or Sugar Snap Peas,100 g,0.20,7.55,2.80,42
Green Peas (Frozen),100 g,0.37,13.71,5.21,77
Sweet Red Peppers,100 g,0.30,6.03,0.99,26
Green Peppers,100 g,0.17,4.64,0.86,20
Yellow Sweet Peppers,100 g,0.21,6.32,1.00,27
Pickles,100 g,0.19,4.12,0.62,18
Dill Cucumber Pickles,100 g,0.19,4.12,0.62,18
Sweet Cucumber Pickle,100 g,0.26,31.81,0.37,117
White Potatoes (Flesh and Skin),100 g,0.10,15.71,1.68,70
"White Potatoes (Flesh and Skin, Baked)",100 g,0.15,21.08,2.10,94
Mashed Potato,100 g,3.54,15.72,1.80,100
Pumpkin,100 g,0.10,6.50,1.00,26
"Pumpkin (without Salt, Canned)",100 g,0.28,8.09,1.10,34
"Pumpkin (with Salt, Canned)",100 g,0.28,8.09,1.10,34
Radishes,100 g,0.10,3.40,0.68,16
White Icicle Radishes,100 g,0.10,2.63,1.10,14
Oriental Radishes,100 g,0.10,4.10,0.60,18
Spinach,100 g,0.39,3.63,2.86,23
"Spinach (Chopped or Leaf, Frozen)",100 g,0.75,4.33,3.94,31
Baby Spinach,100 g,0.39,3.63,2.86,23
Cooked Summer Squash,100 g,2.29,4.22,0.89,37
Yellow Summer Squash,100 g,0.18,3.35,1.21,16
Butternut Winter Squash,100 g,0.10,11.69,1.00,45
Succotash,100 g,0.88,19.84,4.29,92
Cooked Lima and Corn Beans (Succotash) (Fat Not Added in Cooking),100 g,0.88,19.83,4.28,92
"Cooked Lima and Corn Beans (Succotash, Fat Added in Cooking)",100 g,2.97,19.38,4.18,109
Sweet Potato,100 g,0.05,20.12,1.57,86
"Sweet Potato (Mashed, Canned)",100 g,0.20,23.19,1.98,101
Sweet Potato (Frozen),100 g,0.18,22.22,1.71,96
Tomatoes,100 g,0.20,3.92,0.88,18
Red Tomatoes,100 g,0.20,3.92,0.88,18
Red Tomatoes (Canned),100 g,0.13,3.91,0.80,17
Turnips,100 g,0.10,6.43,0.90,28
Cooked Turnip,100 g,2.37,4.94,0.69,42
Cooked Turnip (Canned),100 g,2.37,4.94,0.69,42
Yam,100 g,0.17,27.88,1.53,118
Zucchini,100 g,0.18,3.35,1.21,16
Baby Zucchini,100 g,0.40,3.11,2.71,21
"Zucchini (with Salt, Drained, Cooked, Boiled)",100 g,0.05,3.93,0.64,16
Alfalfa Seeds (Sprouted),100 g,0.69,3.78,3.99,29
Alfalfa Sprouts,100 g,0.69,3.78,3.99,29
Sprouts,100 g,0.48,4.69,3.59,29
Almond Butter,100 g,59.10,21.22,15.08,633
Almond Nut Paste,100 g,27.74,47.81,9.00,458
Almond Paste (Marzipan Paste),100 g,27.74,47.81,9.00,458
Almond Milk,100 g,1.46,0.57,0.62,17
Sweetened Almond Milk,100 g,1.43,2.58,0.60,24
Apple Cider,100 g,0.11,11.68,0.06,47
Sparkling Cider,100 g,0.11,11.68,0.06,47
"Apple Cider Flavoured Drink (made From Powdered Mix, with Sugar and Vitamin C Added)",100 g,-,9.09,-,36
Apple Pie,100 g,12.50,37.10,2.40,265
Apple Pie (One Crust),100 g,9.25,39.02,1.81,242
Apple Pie (Two Crust),100 g,11.00,34.00,1.90,237
Pearled Barley (Cooked),100 g,0.44,28.22,2.26,123
Barley (Cooked),100 g,0.44,28.09,2.25,122
Barley (Fat Not Added in Cooking),100 g,0.44,28.09,2.25,122
Water,100 g,-,-,-,-
Cola Soda (with Caffeine),100 g,0.02,9.56,0.07,37
Coffee,100 g,0.02,0.04,0.12,1
Blueberry Pie,100 g,11.90,33.50,2.70,245
Blueberry Pie (Individual Size or Tart),100 g,14.05,39.10,2.84,289
Blueberry Pie Fillings (Canned),100 g,0.20,44.38,0.41,181
Bread Crumbs,100 g,5.30,71.98,13.35,395
Bread Crumbs (Seasoned),100 g,5.48,68.49,14.13,383
Oatmeal,100 g,1.02,10.84,2.59,62
Egg and Cheese Sandwich,100 g,13.30,17.76,10.69,233
Toasted Bread,100 g,4.00,54.40,9.00,293
Brown Sugar,100 g,-,97.33,-,377
Brown Sugar and Water Syrup,100 g,-,31.52,-,122
Bulgur,100 g,0.24,18.48,3.06,83
Bulgur (Cooked),100 g,0.24,18.58,3.08,83
Bulgur (Fat Added in Cooking),100 g,5.32,17.41,2.88,123
Capers,100 g,0.86,4.89,2.36,23
Tuna Casserole with Vegetables and Mushroom Soup,100 g,8.54,9.83,13.06,170
Tuna Noodle Casserole with Vegetables in Cream or White Sauce,100 g,6.28,15.85,9.20,157
"Broccoli Casserole (Broccoli, Rice, Cheese and Mushroom Sauce)",100 g,5.74,14.04,4.88,126
Champagne,100 g,-,2.72,0.07,84
Fruit Punch (Alcoholic),100 g,0.03,6.77,0.12,64
Cherry Pie,100 g,11.00,39.80,2.00,260
Cherry Pie (Commercial),100 g,11.00,39.80,2.00,260
Cherry Pie (From Recipe),100 g,12.20,38.50,2.80,270
"Chilaquiles, Tortilla Casserole with Salsa and Cheese",100 g,13.80,13.74,4.20,191
"Chilaquiles, Tortilla Casserole with Salsa, Cheese and Egg",100 g,13.52,11.79,5.82,189
Chocolate Cake (without Icing),100 g,15.10,53.40,5.30,358
Chocolate Cake (with Chocolate Icing),100 g,16.40,54.60,4.10,367
Chocolate Angel Food Cake,100 g,0.53,56.60,6.20,248
Chocolate Chip Biscuit,100 g,24.73,64.06,5.50,489
Chocolate Chip Biscuits (with Butter),100 g,28.40,58.20,5.70,488
Chocolate Chip Biscuits (Soft Type),100 g,24.30,59.10,3.50,458
Apple Cobbler,100 g,5.27,36.44,2.29,198
Apricot Cobbler,100 g,4.39,35.75,2.63,188
Berry Cobbler,100 g,6.12,43.30,2.78,234
Cream Substitute (Powdered),100 g,35.48,54.88,4.79,546
Cream Substitute (Liquid),100 g,9.97,11.38,1.00,136
Cream Substitute (Light Powdered),100 g,15.70,73.40,1.90,431
Collards,100 g,0.42,5.69,2.45,30
Cooked Collards,100 g,2.24,4.81,2.05,42
Cooked Collards (from Canned),100 g,2.24,4.81,2.05,42
Croutons,100 g,18.30,63.50,10.80,465
Seasoned Croutons,100 g,18.30,63.50,10.80,465
Plain Croutons,100 g,6.60,73.50,11.90,407
Ice Cream,100 g,10.72,24.40,3.52,201
Apple Pie,100 g,12.50,37.10,2.40,265
Pecan Pie,100 g,22.20,52.20,4.90,412
Plain Dumpling,100 g,3.21,20.22,3.30,124
Wonton (Meat Filled Fried Won Ton),100 g,13.26,24.85,15.09,284
Steamed Dumpling (Filled with Meat Poultry or Seafood),100 g,2.64,9.56,11.55,112
Meatless Egg Roll,100 g,9.07,15.20,4.06,157
Egg Roll with Shrimp,100 g,8.74,15.20,5.38,161
Egg Roll with Chicken or Turkey,100 g,8.59,14.54,6.19,161
Eggnog,100 g,7.48,13.54,3.81,135
Eggnog (with 2% Reduced Fat Milk),100 g,3.23,6.42,4.74,74
Eggnog (Alcoholic),100 g,4.92,15.48,3.71,162
Falafel,100 g,17.80,31.84,13.31,333
Cod Liver Fish Oil,100 g,100.00,-,-,902
Salmon Fish Oil,100 g,100.00,-,-,902
Sardine Fish Oil,100 g,100.00,-,-,902
White Wheat Flour (All Purpose),100 g,0.98,76.31,10.33,364
White Flour,100 g,0.98,76.31,10.33,364
Whole Wheat Flour,100 g,1.87,72.57,13.70,339
Plain French Toast,100 g,9.43,30.80,8.59,244
French Toast (with Low Fat 2% Milk),100 g,10.80,25.00,7.70,229
French Toast (Frozen),100 g,6.10,32.10,7.40,213
Apple Fritter,100 g,23.02,32.58,6.05,358
Banana Fritter,100 g,20.28,32.71,4.79,325
Berry Fritter,100 g,20.99,29.97,5.39,326
Frozen Fruit Cocktail or Mix,100 g,0.30,11.99,0.98,49
Frozen Orange Juice,100 g,-,23.17,0.50,95
Frozen Grapefruit Juice (Reconstituted with Water),100 g,0.13,9.66,0.55,41
Apples,100 g,0.17,13.81,0.26,52
Bananas,100 g,0.33,22.84,1.09,89
Oranges,100 g,0.12,11.75,0.94,47
Fruit Cocktail or Mix,100 g,0.17,13.85,0.58,53
Frozen Fruit Cocktail or Mix,100 g,0.30,11.99,0.98,49
"Peach Pineapple Pear Grape Cherry Fruit Cocktail (Solids and Liquids, Water Pack, Canned)",100 g,0.05,8.51,0.42,32
Diet Jelly (Sweetened with Low Calorie Sweetener),100 g,-,1.72,0.34,4
Gelatin Dessert with Cream Cheese,100 g,2.55,13.35,1.68,83
Gelatin Dessert with Fruit,100 g,0.09,16.13,1.08,65
Grape Juice,100 g,0.08,14.96,0.56,61
Cranberry-Grape Juice (Bottled),100 g,0.10,14.00,0.20,56
Grape Juice Drink (Canned),100 g,-,14.55,-,57
Grapefruit Juice,100 g,0.10,8.96,0.52,38
Pink Grapefruit Juice,100 g,0.10,9.20,0.50,39
White Grapefruit Juice,100 g,0.10,9.20,0.50,39
"Gyro Sandwich (Pita Bread, Beef, Lamb, Onion, Condiments with Tomato and Spread)",100 g,3.13,18.98,11.32,152
Lamb Gyro Sandwich,100 g,2.83,19.77,8.97,143
Beef Gyro Sandwich,100 g,2.29,19.77,11.88,151
"Hominy (White, Canned)",100 g,0.88,14.26,1.48,72
Yellow Hominy (Canned),100 g,0.88,14.26,1.48,72
Cooked Hominy,100 g,5.04,13.48,1.40,105
Horseradish,100 g,0.69,11.29,1.18,48
Horseradish Sauce,100 g,20.42,4.35,3.13,209
Horseradish-Tree Pods,100 g,0.20,8.53,2.10,37
Hot Chocolate Cocoa (Made with Whole Milk),100 g,2.19,11.96,3.52,76
Cocoa and Sugar Mixture (with Lowfat Milk),100 g,1.10,12.04,3.44,71
Cocoa and Sugar Mixture (with Reduced Fat Milk),100 g,2.01,11.76,3.38,78
White Icing,100 g,10.55,79.57,0.24,404
Chocolate Icing,100 g,10.56,77.46,1.12,391
Creamy Chocolate Icing,100 g,17.60,63.20,1.10,397
Malted Milk,100 g,2.22,11.22,3.43,79
Chocolate Malted Milk,100 g,2.22,11.22,3.43,79
Chocolate Malted Milk (with Skim Milk),100 g,0.45,11.51,3.51,64
Meatless Bacon,100 g,29.52,6.32,10.68,310
Meatless Chicken,100 g,12.73,3.64,23.64,224
Meatless Sausage,100 g,18.16,9.84,18.53,257
Chocolate Mousse,100 g,15.11,16.10,4.16,209
Mousse (Flavors Other Than Chocolate),100 g,15.60,16.91,1.46,207
"Chocolate Mousse (Mix, No-Bake Type)",100 g,15.40,29.60,3.50,260
Mango Nectar,100 g,0.11,15.16,0.20,58
Peach Nectar,100 g,0.02,13.92,0.27,54
Apricot Nectar,100 g,0.09,14.39,0.37,56
Plain Nougat,100 g,1.67,92.39,3.33,398
Chocolate Covered Nougat,100 g,9.51,83.15,4.54,436
Nougat with Almonds,100 g,1.67,92.39,3.33,398
Ready-to-Drink Meal Supplement or Replacement,100 g,1.40,10.90,3.50,70
Fruit Flavoured Sports Drink,100 g,0.10,6.76,-,27
Fruit Flavoured Sports Drink (Low Calorie),100 g,-,3.00,-,11
"Goose Liver Pate (Pate De Foie Gras, Smoked Canned)",100 g,43.84,4.67,11.40,462
Chicken Liver Pate (Canned),100 g,13.10,6.55,13.45,201
Liverwurst,100 g,28.50,3.10,14.50,327
Pecan Pie,100 g,22.20,52.20,4.90,412
Pecan Pie (Individual Size or Tart),100 g,23.76,53.30,5.27,430
Pecan Pie (Commercial),100 g,18.50,57.20,4.00,400
Beef Pot Pie,100 g,13.63,17.35,8.07,225
Chicken or Turkey Pot Pie,100 g,12.41,16.43,8.98,215
Ham Pot Pie,100 g,14.29,18.26,8.75,238
Baked Potato Skins,100 g,0.10,35.21,3.26,151
Fried Potato Skins,100 g,12.45,71.89,6.66,419
Fried Potato Skins with Cheese,100 g,16.99,56.14,10.63,414
Protein Meal Replacement Powder,100 g,0.40,63.50,17.60,324
Protein Powder,100 g,9.00,49.00,31.00,401
Protein Supplement Powder,100 g,1.50,58.80,29.40,366
"Quiche with Meat, Poultry or Fish",100 g,22.83,14.24,8.61,296
Meatless Spinach Quiche,100 g,18.22,11.69,7.70,239
Meatless Cheese Quiche,100 g,22.91,13.92,8.68,295
Raisin Bran,100 g,2.78,76.32,8.70,321
Oat Bran Cereal,100 g,0.96,8.99,2.35,33
Red Potatoes (Flesh and Skin),100 g,0.14,15.90,1.89,72
"Red Potatoes (Flesh and Skin, Baked)",100 g,0.15,19.59,2.30,89
Rice Noodles (Cooked),100 g,0.20,24.90,0.91,109
Long Rice Noodles,100 g,0.01,20.66,0.04,84
Chow Fun Rice Noodles,100 g,0.42,23.42,1.74,107
Roasted Potato (with Salt),100 g,7.00,20.06,2.32,149
"Roasted Potato (Fat Not Added in Cooking, with Salt)",100 g,0.11,21.52,2.49,95
Roasted Potato (Fat Added in Cooking),100 g,7.00,20.06,2.32,149
Rum,100 g,-,-,-,231
Hot Buttered Rum,100 g,4.76,1.71,0.07,126
Samosa,100 g,17.86,32.21,4.67,308
Meat Knish (Pastry Filled with Meat),100 g,21.12,25.99,13.10,349
Potato Knish (Pastry Filled with Potato),100 g,20.01,34.08,7.60,348
"Sauerkraut (Solid and Liquids, Canned)",100 g,0.14,4.28,0.91,19
"Sauerkraut (Low Sodium, Canned)",100 g,0.10,4.35,0.90,22
Cooked Sauerkraut (Fat Added in Cooking),100 g,1.68,4.23,0.90,32
Seaweed,100 g,0.26,8.43,2.38,38
Seaweed (Prepared with Soy Sauce),100 g,0.43,7.89,3.89,43
Dried Seaweed,100 g,4.01,52.39,31.84,298
Shallots,100 g,0.10,16.80,2.50,72
Shallots (Freeze-Dried),100 g,0.50,80.70,12.30,348
Sherbet,100 g,2.00,30.40,1.10,144
Orange Sherbet,100 g,2.00,30.40,1.10,144
Potato French Fries,100 g,14.06,35.66,3.48,274
Onion Rings (Breaded and Fried),100 g,18.69,37.74,4.46,332
Potato Pancakes,100 g,14.75,27.90,6.06,269
Potato Chips,100 g,37.47,49.74,6.56,547
Crackers,100 g,25.30,61.00,7.40,502
Leather Fruit Bars,100 g,5.30,78.50,1.80,351
Snow or Sugar Snap Peas,100 g,0.20,7.55,2.80,42
Snow or Sugar Snap Peas (Frozen),100 g,0.30,7.20,2.80,42
Snowpeas (Pea Pod),100 g,0.20,7.55,2.80,42
Soy Yoghurt,100 g,1.80,15.96,3.50,94
Tofu Yoghurt,100 g,1.80,15.96,3.50,94
Vegetable Spring Roll,100 g,4.43,11.63,3.10,98
Shrimp Spring Roll,100 g,4.64,11.55,4.09,104
Chicken Spring Roll,100 g,4.07,11.12,4.73,101
Chicken Stir Fry,100 g,6.10,3.91,10.50,112
Beef Stir Fry,100 g,4.46,3.91,11.44,102
Pad See Ew,100 g,6.96,20.71,6.41,173
Bread Stuffing,100 g,8.42,21.80,3.14,176
Bread Stuffing (Dry Mix),100 g,3.40,76.20,11.00,386
"Bread Stuffing (Dry Mix, Commercial)",100 g,8.60,21.70,3.20,178
Sun-Dried Tomatoes,100 g,2.97,55.76,14.11,258
High Protein Meal Replacement or Supplement with Soy,100 g,2.39,15.19,3.45,96
High Protein Nutrient Supplement Powder,100 g,7.40,18.50,55.60,370
High Protein Ready-to-Drink Meal Supplement or Replacement (with Milk),100 g,2.20,13.00,5.70,94
Tabbouleh (Bulgar with Tomatoes and Parsley),100 g,9.34,9.94,1.64,124
Tempeh,100 g,10.80,9.39,18.54,193
Tempeh (Cooked),100 g,11.38,9.35,18.19,196
Vegetable Tempura,100 g,10.09,13.78,4.23,161
Shrimp Tempura,100 g,2.79,10.36,18.21,145
Fish Cake (Kamaboko) Tempura,100 g,6.05,13.67,12.82,165
"Whipped Topping (Low Fat, Frozen)",100 g,13.10,23.60,3.00,220
Frozen Whipped Topping,100 g,25.31,23.05,1.25,318
Strawberry Toppings,100 g,0.10,66.30,0.20,254
Apple Turnover or Dumpling,100 g,18.03,43.60,3.64,348
Berry Turnover or Dumpling,100 g,17.86,45.78,3.81,355
Meat Turnover,100 g,23.60,26.16,12.87,371
Lettuce,100 g,0.14,2.97,0.90,14
Red Tomatoes,100 g,0.20,3.92,0.88,18
Carrots,100 g,0.24,9.58,0.93,41
Waterchestnuts,100 g,0.10,23.94,1.40,97
"Waterchestnuts (Solids and Liquids, Canned)",100 g,0.06,12.30,0.88,50
Water Chestnut,100 g,0.06,12.30,0.88,50
